"uid1","idx","uid2"
 "GB028","6","GB006"
 "GB010","1","GB011"
 "GB019","1","GB020"
 "GB021","1","GB022"
 "BF139","2","GB113"
 "GB006","6","GB028"
 "LS003","1","LS004"
 "LS012","1","LS013"
 "LS017","1","LS018"
 "LS027","1","LS028"
 "GB180","0","GB034"
 "GB046","1","GB047"
 "GB046","1","GB048"
 "GB047","1","GB048"
 "GB053","1","GB054"
 "GB050","2","GB053"
 "GB054","2","GB050"
 "LS031","1","LS032"
 "LS034","1","LS035"
 "DB026","1","DB031"
 "LS044","1","LS045"
 "LA143","3","LA237"
 "GB035","2","LA143"
 "LS052","1","LS053"
 "LS057","1","LS058"
 "GB064","1","GB065"
 "GB072","1","GB073"
 "GB074","1","GB075"
 "LS061","1","LS062"
 "LS063","1","LS064"
 "LS193","1","LS192"
 "LS193","1","LS191"
 "LS087","1","LS088"
 "GB101","1","GB102"
 "GB118","7","GB119"
 "LS091","1","LS092"
 "LS108","1","LS109"
 "LS108","1","LS110"
 "LS110","1","LS109"
 "GB126","1","GB127"
 "GB135","1","GB136"
 "GB139","1","GB140"
 "GB058","3","BB063"
 "LA282","1","LA284"
 "GB147","1","GB148"
 "LS135","1","LS136"
 "LS143","1","LS144"
 "GB160","1","GB161"
 "GB163","1","GB164"
 "GB207","7","PA168"
 "BB081","3","DB124"
 "BF124","1","BF125"
 "GB176","1","GB177"
 "LS167","1","LS168"
 "LS167","1","LS169"
 "LS167","1","LS170"
 "LS168","1","BB138"
 "LS168","1","LS169"
 "LS168","1","LS170"
 "LS169","1","LS170"
 "LS172","1","LS173"
 "LS176","1","LS177"
 "LS176","1","LS178"
 "LS177","1","LS178"
 "GB185","1","GB186"
 "BF063","3","LS016"
 "GB197","1","BB152"
 "LS191","1","LS192"
 "LS196","1","LS197"
 "LS200","1","LS201"
 "LS203","1","LS204"
 "LS205","1","LS206"
 "LS210","1","LS211"
 "LS210","2","LS212"
 "LS210","2","LS213"
 "GB215","1","GB216"
 "GB218","1","GB219"
 "GB222","1","GB223"
 "GB234","1","GB236"
 "GB239","1","GB240"
 "LS211","2","LS212"
 "LS211","2","LS213"
 "LS213","1","LS212"
 "LS226","1","LS229"
 "GB197","7","GP020"
 "LS238","1","GB245"
 "LS243","1","LS244"
 "BB107","2","GB118"
 "LA013","4","LA012"
 "GB050","2","GB054"
 "BB152","3","BB114"
 "BB152","3","GB208"
 "BB152","2","GB198"
 "GB117","1","GB116"
 "GB117","3","GB118"
 "GB117","3","GB121"
 "BB107","2","GB117"
 "GB121","1","GB118"
 "GB121","3","GB116"
 "BB107","2","GB121"
 "GB116","3","GB118"
 "BB107","2","GB116"
 "GB121","7","GB119"
 "GB197","2","GB198"
 "LS067","3","LS016"
 "GB126","2","GB128"
 "GB127","2","GB128"
 "LA164","1","GB126"
 "LA164","1","GB127"
 "LA164","2","GB128"
 "GB017","1","GB018"
 "GB017","3","GB016"
 "GB017","3","GB015"
 "GB018","3","GB016"
 "GB018","3","GB015"
 "GB016","3","GB015"
 "GB197","3","GB208"
 "LS246","8","LS067"
 "LC065","1","LC063"
 "BA223","8","GP114"
 "AC096","7","LC074"
 "AC096","2","LC065"
 "AC095","2","LC063"
 "BB186","2","LA288"
 "BB166","3","BB189"
 "BD015","1","BD016"
 "BD016","2","BD017"
 "BD015","2","BD017"
 "GB234","1","GB235"
 "GB235","1","GB236"
 "BA118","1","BA119"
 "BA120","1","BA121"
 "BA120","1","BA122"
 "BA121","1","BA122"
 "BA120","2","BA123"
 "BA119","2","BA120"
 "BA118","2","BA120"
 "BA121","2","BA123"
 "BA122","2","BA123"
 "BA119","7","BA123"
 "BA118","7","BA123"
 "BA119","2","BA121"
 "BA119","2","BA122"
 "BA118","2","BA121"
 "BA118","2","BA122"
 "GP027","1","LA023"
 "GP027","1","GB015"
 "GP027","1","BA094"
 "GP027","1","GP026"
 "GP027","1","AC012"
 "GP027","1","AC013"
 "GP027","1","LA024"
 "GP027","3","GB016"
 "GP027","3","AC011"
 "GP027","3","GB017"
 "GP027","3","GB018"
 "GP027","3","AC010"
 "GP026","1","LA023"
 "GP026","1","GB015"
 "GP026","1","BA094"
 "GP026","1","AC012"
 "GP026","1","LA024"
 "GP026","3","GB016"
 "GP026","3","AC011"
 "GP026","3","GB017"
 "GP026","3","AC010"
 "GP026","3","GB018"
 "GP026","1","AC013"
 "LA023","1","GB015"
 "LA023","1","BA094"
 "LA023","1","AC012"
 "LA023","1","AC013"
 "LA023","1","LA024"
 "LA023","3","GB016"
 "LA023","3","AC011"
 "LA023","3","GB017"
 "LA023","3","AC010"
 "LA023","3","GB018"
 "LA024","1","GB015"
 "LA024","1","BA094"
 "LA024","1","AC012"
 "LA024","1","AC013"
 "LA024","3","GB016"
 "LA024","3","AC011"
 "LA024","3","GB017"
 "LA024","3","AC010"
 "LA024","3","GB018"
 "BA094","1","GB015"
 "GP008","1","GP010"
 "BA094","1","AC012"
 "BA094","1","AC013"
 "BA094","3","GB016"
 "BA094","3","AC011"
 "BA094","3","GB017"
 "BA094","3","AC010"
 "BA094","3","GB018"
 "GP008","1","GP012"
 "GP010","1","GP012"
 "GP026","2","BA019"
 "GP026","7","BA016"
 "GP026","7","BA018"
 "GP027","2","BA019"
 "GP027","7","BA016"
 "GP027","7","BA018"
 "LA024","2","BA019"
 "LA024","7","BA016"
 "LA024","7","BA018"
 "LA023","7","BA016"
 "LA023","7","BA018"
 "LA023","2","BA019"
 "BA094","2","BA019"
 "BA094","7","BA016"
 "BA094","7","BA018"
 "BA016","1","BA018"
 "BA019","2","BA016"
 "GB015","7","BA016"
 "AC012","7","BA016"
 "AC013","7","BA016"
 "BA019","2","BA018"
 "GB015","7","BA018"
 "AC012","7","BA018"
 "AC013","7","BA018"
 "GB015","2","BA019"
 "AC012","2","BA019"
 "AC013","2","BA019"
 "AC010","1","GB018"
 "AC010","1","GB017"
 "AC010","3","AC011"
 "AC010","3","GB016"
 "AC010","3","AC013"
 "AC010","3","AC012"
 "AC010","3","GB015"
 "AC011","1","GB016"
 "AC011","3","GB018"
 "AC011","3","GB017"
 "AC011","3","AC013"
 "AC011","3","AC012"
 "AC011","3","GB015"
 "AC012","1","GB015"
 "AC012","1","AC013"
 "AC012","3","GB016"
 "AC012","3","GB017"
 "AC012","3","GB018"
 "AC013","1","GB015"
 "AC013","3","GB016"
 "AC013","3","GB017"
 "AC013","3","GB018"
 "LA311","1","LA315"
 "LA311","1","LA319"
 "LA315","1","LA319"
 "LA318","1","LA313"
 "LA318","7","LA319"
 "LA318","7","LA315"
 "LA318","7","LA311"
 "LA313","7","LA319"
 "LA313","7","LA315"
 "LA313","7","LA311"
 "LA002","1","LA003"
 "GP095","1","GP096"
 "GB104","3","BD040"
 "GB104","3","BD037"
 "GB104","3","BD038"
 "BD038","1","BD037"
 "BD038","1","BD040"
 "BD037","1","BD040"
 "GB218","2","GB220"
 "GB218","2","GB222"
 "GB218","2","GB223"
 "GB218","7","GB221"
 "GB219","2","GB220"
 "GB219","2","GB222"
 "GB219","2","GB223"
 "GB219","7","GB221"
 "GB220","1","GB222"
 "GB220","1","GB223"
 "GB220","2","GB221"
 "GB222","2","GB221"
 "GB223","2","GB221"
 "BB052","1","BB051"
 "GP040","1","GP038"
 "GP040","1","GP042"
 "GP040","1","GB022"
 "GP040","1","GB021"
 "GP042","1","GP038"
 "GP042","1","GB022"
 "GP042","1","GB021"
 "GP038","1","GB022"
 "GP038","1","GB021"
 "GP114","8","BA224"
 "AC096","2","LC063"
 "BF190","1","LS173"
 "LC064","1","LC063"
 "AC095","2","LC064"
 "AC096","2","LC064"
 "AC096","7","LC073"
 "LC065","1","LC064"
 "AC095","2","LC065"
 "BF070","8","LC061"
 "BF070","8","BF069"
 "LC073","1","LC074"
 "AC095","7","LC074"
 "AC095","7","LC073"
 "GB251","1","MW170"
 "MW171","1","GB251"
 "LA201","2","LA200"
 "GP230","1","GP233"
 "GP230","1","GP232"
 "GP230","1","GP231"
 "GP231","1","GP233"
 "GP231","1","GP232"
 "GP232","1","GP233"
 "LA209","1","LA208"
 "GB212","1","BA175"
 "BB048","1","BB047"
 "GB052","0","BB048"
 "GB052","0","BB047"
 "LA013","4","LA069"
 "LA069","3","LA012"
 "BA009","2","BA010"
 "BA009","1","LA012"
 "BA009","3","LA069"
 "LA012","2","BA010"
 "LA105","1","LA106"
 "BF251","1","BB186"
 "BB186","2","BF250"
 "BF251","2","LA288"
 "BF251","2","BF250"
 "AC122","2","BF111"
 "BB056","1","BB057"
 "BB094","2","BF119"
 "BA046","1","BA045"
 "GP241","1","GP240"
 "LC028","1","LC027"
 "BF188","1","BF190"
 "BF188","1","BF189"
 "BF190","1","BF189"
 "LS172","1","BF190"
 "LS172","1","BF188"
 "LS172","1","BF189"
 "LC006","2","LC027"
 "LC005","2","LC028"
 "LC005","2","LC027"
 "GP130","2","GP283"
 "GP132","2","GP283"
 "GP133","7","GP283"
 "GP283","3","GP138"
 "GP283","3","GP129"
 "GP283","3","GP131"
 "GP130","1","GP132"
 "GP129","1","GP134"
 "GP130","2","GP131"
 "GP130","2","GP129"
 "GP129","1","GP131"
 "GP132","2","GP129"
 "GP130","2","GP134"
 "GP131","1","GP134"
 "GP132","2","GP131"
 "BD049","1","BD050"
 "BD061","1","BD062"
 "BF002","1","BF003"
 "BF008","1","BF011"
 "BF008","1","BF010"
 "BA216","1","BA215"
 "BA207","1","BA209"
 "BF010","1","BF011"
 "BF053","1","BF054"
 "BF053","1","BF055"
 "BF054","1","BF055"
 "BF057","1","BF059"
 "BF057","8","BF063"
 "BF057","8","BF060"
 "BF063","1","BF060"
 "BF062","2","BF063"
 "BF061","7","BF063"
 "BF064","7","BF063"
 "BF058","7","BF063"
 "LS067","1","BF063"
 "LS067","1","BF060"
 "BF062","2","LS067"
 "LS067","3","BF057"
 "LS067","3","BF059"
 "BF058","1","BF061"
 "BF058","1","BF064"
 "BF058","2","BF062"
 "BF058","7","LS067"
 "BF058","7","BF060"
 "BF063","2","BF059"
 "BF059","8","BF060"
 "BF059","8","LS067"
 "BF062","7","BF059"
 "BF062","2","BF060"
 "BF061","7","BF060"
 "BF064","7","BF060"
 "BF060","7","BF058"
 "BF061","1","BF064"
 "BF061","2","BF062"
 "BF061","7","LS067"
 "BF064","2","BF062"
 "BF062","7","BF057"
 "BF063","8","BF059"
 "BA046","7","BA047"
 "BA045","7","BA047"
 "BF077","1","BF074"
 "BF077","1","BF075"
 "BF074","1","BF075"
 "BF074","1","BF076"
 "BF075","1","BF076"
 "BA040","1","AC020"
 "BA040","1","AC139"
 "AC139","1","AC020"
 "GP100","1","GP101"
 "BB003","1","BB002"
 "BB141","1","BB140"
 "BB121","1","BB117"
 "BB118","1","BB120"
 "BB118","1","BB119"
 "BB120","1","BB119"
 "BB004","1","BB005"
 "BB021","1","BB022"
 "BB030","1","BB031"
 "BB036","1","BB037"
 "BB042","1","BB044"
 "BB052","3","LA294"
 "BB052","3","BB166"
 "BB051","3","BB166"
 "BB051","3","LA294"
 "BB166","3","LA294"
 "BB069","1","BB068"
 "BB076","1","BB077"
 "BB117","2","BB118"
 "BB121","2","BB118"
 "BB117","2","BB119"
 "BB121","2","BB119"
 "BB121","2","BB120"
 "BB117","2","BB120"
 "BB164","1","BB162"
 "BB173","1","BB174"
 "BB166","2","GB208"
 "GP003","1","GP004"
 "GP003","1","GP005"
 "GP003","1","GP006"
 "GP004","1","GP005"
 "GP004","1","GP006"
 "GP006","1","GP005"
 "GP009","1","GP008"
 "GP009","1","GP010"
 "GP009","1","GP012"
 "GP019","1","GP020"
 "GP041","2","GB021"
 "GP036","2","GB021"
 "GP037","7","GB021"
 "GP039","7","GB021"
 "GP041","2","GB022"
 "GP036","2","GB022"
 "GP037","7","GB022"
 "GP039","7","GB022"
 "GP036","1","GP041"
 "GP037","2","GP036"
 "GP039","2","GP036"
 "GP036","2","GP038"
 "GP036","2","GP040"
 "GP036","2","GP042"
 "GP041","2","GP038"
 "GP037","7","GP038"
 "GP039","7","GP038"
 "GP037","1","GP039"
 "GP037","2","GP041"
 "GP037","7","GP040"
 "GP037","7","GP042"
 "GP039","2","GP041"
 "GP039","7","GP040"
 "GP039","7","GP042"
 "GP041","2","GP040"
 "GP041","2","GP042"
 "GP047","1","GP045"
 "GP047","1","GP048"
 "GP047","2","GP046"
 "GP047","2","GP037"
 "GP047","2","GP039"
 "GP047","7","GP041"
 "GP047","7","GP036"
 "GP048","1","GP045"
 "GP048","2","GP046"
 "GP048","2","GP037"
 "GP048","2","GP039"
 "GP048","7","GP041"
 "GP048","7","GP036"
 "GP045","2","GP046"
 "GP045","2","GP037"
 "GP045","2","GP039"
 "GP045","7","GP041"
 "GP045","7","GP036"
 "GP046","3","GP037"
 "GP046","3","GP039"
 "GP052","1","GP051"
 "GP071","1","GP081"
 "GP071","1","GP076"
 "GP071","1","GP077"
 "GP071","7","GP072"
 "GP071","7","GP078"
 "GP072","1","GP078"
 "GP081","7","GP072"
 "GP076","7","GP072"
 "GP077","7","GP072"
 "GP073","1","GP079"
 "GP076","1","GP081"
 "GP076","1","GP077"
 "GP076","7","GP078"
 "GP077","1","GP081"
 "GP077","7","GP078"
 "GP081","7","GP078"
 "GP091","1","GP092"
 "GP046","2","GP095"
 "GP045","7","GP095"
 "GP047","7","GP095"
 "GP048","7","GP095"
 "GP046","2","GP096"
 "GP045","7","GP096"
 "GP047","7","GP096"
 "GP048","7","GP096"
 "GP054","1","GP049"
 "BD016","8","GP058"
 "BD015","8","GP058"
 "GP075","3","GP071"
 "GP075","3","GP081"
 "GP075","3","GP076"
 "GP075","3","GP077"
 "GP133","7","GP130"
 "GP132","2","GP134"
 "GP133","7","GP132"
 "GP136","1","GP137"
 "GP136","1","GP139"
 "GP136","1","GP140"
 "GP137","1","GP139"
 "GP137","1","GP140"
 "GP139","1","GP140"
 "BD020","8","LA107"
 "GP164","1","GP165"
 "GP194","1","GP195"
 "GP217","1","GP218"
 "GP217","1","GP219"
 "GP218","1","GP219"
 "GP285","7","GP286"
 "GP071","2","GP286"
 "GP081","2","GP286"
 "GP076","2","GP286"
 "GP077","2","GP286"
 "GP008","3","GP048"
 "GP008","3","GP047"
 "GP008","3","GP045"
 "GP009","3","GP045"
 "GP009","3","GP047"
 "GP009","3","GP048"
 "GP010","3","GP045"
 "GP010","3","GP047"
 "GP010","3","GP048"
 "GP045","3","GP012"
 "GP047","3","GP012"
 "GP048","3","GP012"
 "GP016","2","GP017"
 "GB197","7","GP019"
 "GP299","1","GP300"
 "GP073","2","GP144"
 "GP079","2","GP144"
 "GP249","1","GP250"
 "GP270","3","GP008"
 "GP270","3","GP009"
 "GP270","3","GP010"
 "GP270","3","GP012"
 "GP270","3","GP045"
 "GP270","3","GP047"
 "GP270","3","GP048"
 "BD011","1","BD012"
 "LA085","1","GP103"
 "BD036","1","BD039"
 "GP138","2","GP135"
 "GP261","8","GP148"
 "BD037","3","BA107"
 "BD038","3","BA107"
 "BD040","3","BA107"
 "BD041","1","LA241"
 "BA107","1","GB104"
 "GP170","1","GP173"
 "GP223","1","GP224"
 "LC008","1","LC009"
 "LC056","2","LC037"
 "LC031","1","LC032"
 "LC005","1","LC006"
 "LC005","3","LC018"
 "LC005","3","LC019"
 "LC018","1","LC019"
 "LC018","3","LC006"
 "LC006","3","LC019"
 "LC056","3","AC083"
 "AC083","7","LC037"
 "LC069","1","LC070"
 "LC079","1","LC080"
 "AC112","1","GP254"
 "GP255","3","GP008"
 "GP255","3","GP009"
 "GP255","3","GP010"
 "GP255","3","GP012"
 "CB188","1","CB189"
 "BB054","1","BB053"
 "GB066","2","GB067"
 "GB064","7","GB066"
 "GB065","7","GB066"
 "BB166","3","BB086"
 "BB189","3","BB086"
 "GB241","3","BB086"
 "GB241","1","BB189"
 "GB241","3","BB166"
 "LS082","1","GB078"
 "GP133","2","LS082"
 "LC035","1","LC036"
 "LC035","1","AC051"
 "LC035","1","AC052"
 "GP133","7","LC035"
 "LS082","2","LC035"
 "GB078","2","LC035"
 "GP129","2","GB081"
 "GP129","7","LS083"
 "GP130","7","GB081"
 "GP131","2","GB081"
 "GP131","7","LS083"
 "GP132","7","GB081"
 "GP134","2","GB081"
 "GP134","7","LS083"
 "GP133","2","GB078"
 "GP133","7","LC036"
 "GP133","7","AC051"
 "GP133","7","AC052"
 "BA003","1","BA004"
 "BA045","1","GB040"
 "BA046","2","GB041"
 "BA046","1","AC024"
 "GB040","1","BA046"
 "GB040","7","BA047"
 "BA149","3","BA009"
 "BA012","1","BA013"
 "LC006","2","LC028"
 "GB035","3","GB040"
 "GB035","3","BA045"
 "GB035","3","BA046"
 "GB040","2","GB041"
 "GB040","7","LS035"
 "GB040","7","LS034"
 "BA045","2","GB041"
 "BA045","7","LS035"
 "BA045","7","LS034"
 "BA046","7","LS034"
 "BA046","7","LS035"
 "GB041","2","BA047"
 "BD004","0","BD003"
 "BD023","9","BD007"
 "BA050","1","BA049"
 "BA050","10","BA048"
 "BA048","10","BA049"
 "BD040","8","BD044"
 "BD037","8","BD044"
 "BD038","8","BD044"
 "BA052","1","BA053"
 "LA050","1","LA051"
 "LA050","1","LA053"
 "LA050","1","LA052"
 "LA052","1","LA051"
 "LA052","1","LA053"
 "LA051","1","LA053"
 "BA059","2","BA058"
 "BD057","2","BD054"
 "LA279","1","LA280"
 "LA279","1","LA281"
 "LA279","1","LA285"
 "LA280","1","LA281"
 "LA280","1","LA285"
 "LA281","1","LA285"
 "BB165","2","LA236"
 "BA045","3","LA235"
 "GB207","2","LS029"
 "BA045","3","LS029"
 "BB165","2","GB207"
 "BB165","7","GB035"
 "GB035","1","LS029"
 "GB207","2","GB035"
 "LA236","2","GB035"
 "GB035","3","LA005"
 "GB035","2","LA237"
 "GB035","1","LA235"
 "GB207","2","LA005"
 "BA045","1","AC024"
 "GB040","3","LS029"
 "BB165","7","LA005"
 "GB040","1","AC024"
 "AC024","2","GB041"
 "AC024","7","LS035"
 "AC024","7","LS034"
 "AC024","3","GB035"
 "AC024","3","LS029"
 "AC024","3","LA235"
 "AC044","1","AC045"
 "AC051","1","AC052"
 "AC051","1","LC036"
 "LS082","2","AC051"
 "GB133","2","AC051"
 "GB078","2","AC051"
 "AC052","1","LC036"
 "LS082","2","AC052"
 "GB133","2","AC052"
 "GB078","2","AC052"
 "AC053","2","AC054"
 "AC065","1","AC067"
 "AC065","1","AC069"
 "AC067","1","AC069"
 "AC071","3","BF064"
 "AC071","3","BF061"
 "AC071","3","BF058"
 "BF064","8","BF059"
 "AC096","1","AC095"
 "AC126","2","AC130"
 "AC130","1","AC127"
 "AC125","1","AC127"
 "AC140","1","AC141"
 "AC144","1","AC143"
 "BB041","2","BB044"
 "BB041","2","BB042"
 "BB043","0","BB050"
 "LS077","1","LS076"
 "LS077","1","BB077"
 "LS077","1","BB076"
 "LS076","1","BB077"
 "LS076","1","BB076"
 "BB082","1","BB080"
 "LC041","1","LC042"
 "GP147","3","LC045"
 "LC050","1","LC049"
 "LA146","1","BB104"
 "AC073","1","GB110"
 "BB113","0","BB114"
 "BB114","3","GB197"
 "BB113","2","BB152"
 "BB113","2","GB197"
 "LS016","2","LS246"
 "AC041","2","LC084"
 "BB146","3","BB199"
 "BB155","1","BB156"
 "LA255","1","LA254"
 "LA255","1","BB174"
 "LA255","1","BB173"
 "LA254","1","BB173"
 "LA254","1","BB174"
 "BF070","1","BF068"
 "LC061","3","BF069"
 "BB182","3","LA196"
 "CB188","2","BF241"
 "BA211","1","BA212"
 "BA211","1","GB245"
 "BA211","1","LS238"
 "BA212","1","GB245"
 "BA212","1","LS238"
 "BF007","1","BF008"
 "BF007","1","BF011"
 "BF007","1","BF010"
 "LA055","1","LA054"
 "BA062","1","BA063"
 "BA071","2","BA070"
 "BA074","1","BA073"
 "BA094","0","BA095"
 "BA134","1","BA135"
 "BA111","1","BA112"
 "BA111","2","BA113"
 "BA111","2","BA114"
 "BA113","2","BA112"
 "BA114","2","BA112"
 "BA113","1","BA114"
 "BA112","2","BA113"
 "BA112","2","BA114"
 "LS118","1","BA111"
 "LS118","1","BA112"
 "LS118","2","BA113"
 "LS118","2","BA114"
 "BA137","1","BA136"
 "PA002","3","PA052"
 "LA005","3","LA268"
 "BA153","7","BA085"
 "GB207","2","GB062"
 "GP240","2","BA164"
 "GP241","2","BA164"
 "BA182","1","BA185"
 "BA182","1","BA183"
 "BA182","1","BA186"
 "BA185","1","BA186"
 "BA185","1","BA183"
 "BA185","1","BA184"
 "BA186","1","BA184"
 "BA186","1","BA183"
 "GP301","1","BB201"
 "BF279","1","GP299"
 "BF279","1","GP300"
 "BA193","1","BA192"
 "BA027","3","BA190"
 "LA002","2","LA313"
 "LA002","2","LA318"
 "LA003","2","LA313"
 "LA003","2","LA318"
 "LA031","1","LA032"
 "BA134","2","BB117"
 "BA135","2","BB121"
 "BA134","2","BB121"
 "BA135","2","BB117"
 "LA260","1","LA261"
 "LA273","1","LA274"
 "LA288","1","BF250"
 "LA072","1","LA073"
 "LA089","1","LA090"
 "LA091","7","GB066"
 "LA092","2","GB064"
 "GB065","1","LA091"
 "GB137","3","GB066"
 "GB065","7","GB137"
 "GB064","7","GB137"
 "LA229","3","GP050"
 "BB135","7","GB074"
 "BB135","7","GB075"
 "LA097","2","GB075"
 "LA097","2","GB074"
 "BB079","2","BF095"
 "BB065","1","BB066"
 "GP136","3","BB066"
 "GP136","3","BB065"
 "GP137","3","BB065"
 "GP137","3","BB066"
 "GP139","3","BB065"
 "GP139","3","BB066"
 "GP140","3","BB065"
 "GP140","3","BB066"
 "LA036","2","GP037"
 "LA036","2","GP039"
 "LA036","7","GP041"
 "LA015","1","LA014"
 "LC027","7","LA089"
 "LC028","7","LA089"
 "LC027","7","LA090"
 "LC028","7","LA090"
 "LA103","1","LA104"
 "LA288","3","LC037"
 "LA288","3","LA107"
 "LA106","2","LA288"
 "LA105","2","GP139"
 "LA105","2","LC037"
 "LA105","2","LA107"
 "LA105","2","LA288"
 "LA105","2","BF250"
 "LA106","3","LA108"
 "LA106","2","LC037"
 "LA106","2","GP139"
 "LA106","2","BF250"
 "LA107","3","LC037"
 "LA107","3","BF250"
 "LA107","3","LA122"
 "LA106","2","LA107"
 "LC037","3","BF250"
 "LS051","4","LS165"
 "LA108","3","LA105"
 "LA085","2","LA079"
 "GP103","2","LA079"
 "BF111","1","LC038"
 "LA256","7","BF234"
 "LA085","7","LA074"
 "GP103","7","LA074"
 "LA122","3","GP139"
 "LA122","3","GP136"
 "LA122","3","GP140"
 "LA074","8","BB066"
 "LA074","8","BB065"
 "LA085","3","BB066"
 "LA085","3","BB065"
 "LA122","3","BF250"
 "LA122","3","GP137"
 "LA074","3","LA079"
 "GP103","8","BB066"
 "GP103","8","BB065"
 "GP103","3","LA074"
 "LA105","2","GP140"
 "LA106","2","GP140"
 "LA105","2","GP136"
 "LA105","2","GP137"
 "LA106","2","GP136"
 "LA106","2","GP137"
 "LC037","3","GP140"
 "LC037","3","GP136"
 "BD020","8","LC037"
 "LA107","1","GP139"
 "GP140","3","LA288"
 "BF250","3","GP139"
 "BF250","3","GP140"
 "BF250","3","GP137"
 "AC053","1","GP139"
 "AC053","1","GP140"
 "AC053","1","GP136"
 "AC053","1","GP137"
 "AC053","1","LA107"
 "AC053","3","LC037"
 "AC053","3","LA288"
 "AC053","3","BF250"
 "AC053","3","BB066"
 "AC053","3","BB065"
 "GP139","3","LC037"
 "GP139","3","LA288"
 "LA092","2","LA091"
 "LA100","1","LA101"
 "LA100","1","LA102"
 "LA101","1","LA102"
 "LA109","1","LA110"
 "LA036","2","LA109"
 "LA036","2","LA110"
 "GP037","3","LA109"
 "GP037","3","LA110"
 "GP039","3","LA109"
 "GP039","3","LA110"
 "LA168","1","LA167"
 "AC057","1","AC056"
 "AC084","1","AC083"
 "AC113","2","AC112"
 "AC125","1","AC129"
 "AC125","1","AC130"
 "AC127","1","AC129"
 "AC129","1","AC130"
 "LA212","1","LA211"
 "LA217","1","LA218"
 "LA233","3","LA236"
 "LA249","1","LA248"
 "BB002","8","LS016"
 "LC031","1","BB077"
 "LC031","1","LS076"
 "LC031","1","LS077"
 "LC032","1","BB076"
 "LC032","1","BB077"
 "LC032","1","LS076"
 "LC032","1","LS077"
 "LC031","1","BB076"
 "LA122","3","LA288"
 "LA122","3","LC037"
 "LA105","2","LA122"
 "LA106","2","LA122"
 "LS246","3","LA251"
 "LA013","6","LA249"
 "LA277","1","LA276"
 "LA277","1","LA278"
 "LA276","1","LA278"
 "LA262","11","LA261"
 "LA262","11","LA260"
 "LA196","6","LA213"
 "BF214","2","DB085"
 "GP047","11","LA036"
 "BF214","7","DB005"
 "GP048","11","LA036"
 "GP045","11","LA036"
 "LA036","3","GP285"
 "LA059","2","LA260"
 "LA059","2","LA261"
 "LA303","1","LA302"
 "LA013","6","LA307"
 "GB010","7","BF022"
 "GB011","7","BF022"
 "BA218","2","BA090"
 "BA162","2","BA116"
 "GB207","2","LA259"
 "LS200","1","GB212"
 "LS200","1","BA175"
 "LS201","1","GB212"
 "LS201","1","BA175"
 "BA175","3","BA187"
 "BA177","1","BA178"
 "BA182","1","BA184"
 "BA184","1","BA183"
 "BA187","3","GB212"
 "BA187","3","LS200"
 "BA187","3","LS201"
 "BA188","1","BA189"
 "BA195","1","BA196"
 "BA195","1","BA197"
 "BA196","1","BA197"
 "BF064","7","LS067"
 "BF064","8","BF057"
 "BA207","1","BA208"
 "BA208","1","BA209"
 "BA223","1","BA224"
 "BA225","1","BA226"
 "BA227","1","BA225"
 "BA227","1","BA226"
 "BF057","8","LS067"
 "BF058","8","BF057"
 "BF058","8","BF059"
 "BF059","8","BF061"
 "BF057","8","BF061"
 "BF057","8","AC071"
 "BF062","8","AC071"
 "BF063","8","AC071"
 "BB021","2","BF067"
 "LA064","8","CB039"
 "MW170","2","OB131"
 "BB021","7","AP014"
 "BB022","7","AP014"
 "BB022","2","BF067"
 "GB251","2","OB131"
 "BF068","8","BF069"
 "BF068","8","LC061"
 "BF071","1","BF072"
 "BF079","1","BF080"
 "BF079","1","BF081"
 "BF080","1","BF081"
 "BF074","3","BF086"
 "BF075","3","BF086"
 "BF076","3","BF086"
 "BF076","1","BF077"
 "BF077","3","BF088"
 "BF077","8","BF087"
 "BF074","3","BF088"
 "BF074","8","BF087"
 "PA185","1","PA184"
 "BF076","8","BF087"
 "BF088","7","BF087"
 "BF086","7","BF087"
 "BF087","8","BF075"
 "BF086","1","BF088"
 "BF086","3","BF077"
 "BF088","3","BF075"
 "BF088","3","BF076"
 "BF089","0","BF221"
 "BF086","7","BF221"
 "BF086","2","BF089"
 "BF089","2","BF087"
 "BF087","3","BF221"
 "BF088","2","BF089"
 "BF089","8","BF074"
 "BF089","8","BF075"
 "BF089","8","BF076"
 "BF089","8","BF077"
 "BF088","7","BF221"
 "BF221","8","BF074"
 "BF221","8","BF075"
 "BF221","8","BF076"
 "BF221","8","BF077"
 "BF126","1","BF127"
 "BF126","1","BF128"
 "BF127","1","BF128"
 "BF133","1","BF134"
 "BF137","1","BF138"
 "BF150","1","BF149"
 "BF150","2","BF148"
 "BF149","2","BF148"
 "BF160","1","BF161"
 "BF168","1","BF169"
 "BF168","2","BF167"
 "BF169","2","BF167"
 "BF173","1","BF174"
 "BF184","1","BF185"
 "BF192","1","BF193"
 "BF195","1","BF196"
 "BF210","1","BF211"
 "BF212","1","BF213"
 "BB138","1","BF186"
 "BF218","2","BF215"
 "BF217","2","BF215"
 "BF216","2","BF215"
 "BF214","7","BF215"
 "BF218","1","BF217"
 "BF218","1","BF216"
 "BF214","7","BF218"
 "BF214","7","BF217"
 "BF214","7","BF216"
 "BF214","8","BF215"
 "BF216","1","BF217"
 "BF227","1","BF228"
 "BF237","1","BF238"
 "BF240","1","BF239"
 "BF245","1","BF246"
 "BF256","1","BF257"
 "BF260","1","BF259"
 "BF264","1","BF266"
 "LS184","1","LS185"
 "BF272","1","BF273"
 "BF272","1","BF274"
 "BF273","1","BF274"
 "LA262","2","LA008"
 "LA256","2","LA025"
 "OB134","2","LC038"
 "LA261","2","LA008"
 "BB060","1","BB059"
 "BB079","8","BB080"
 "BB079","8","BB082"
 "BB082","2","GP004"
 "BB082","2","GP003"
 "GB207","7","RP182"
 "LA297","2","LA267"
 "BB165","7","LS029"
 "GP230","7","CB060"
 "LA319","1","LA312"
 "LA319","2","LA317"
 "GP230","7","CB061"
 "LA318","7","LA312"
 "GP230","7","LA306"
 "LA315","2","LA317"
 "LA311","2","LA317"
 "LA312","2","LA317"
 "GP231","7","CB060"
 "GP233","7","LA306"
 "GP233","7","CB061"
 "GP233","7","CB060"
 "GP232","7","LA306"
 "GP232","7","CB061"
 "LA315","1","LA312"
 "GP231","7","CB061"
 "LA311","1","LA312"
 "GP231","7","LA306"
 "LA313","7","LA312"
 "GP232","7","CB060"
 "BB165","7","LA235"
 "LA233","3","GB207"
 "LA236","1","GB207"
 "LA236","2","LA005"
 "LA236","2","LS029"
 "LA236","2","LA235"
 "GB207","2","LA235"
 "GB207","7","LA237"
 "LA236","7","LA237"
 "LS029","1","LA235"
 "LS029","2","LA237"
 "LS029","3","LA005"
 "LS029","3","BA046"
 "BA046","3","LA235"
 "GB040","3","LA235"
 "BD020","8","GP136"
 "BA141","1","BD049"
 "BD050","1","BA141"
 "LA226","7","GB204"
 "BA135","2","DB169"
 "BA134","7","DB170"
 "AC120","3","BB136"
 "CB022","1","CB023"
 "DB155","2","GB204"
 "GB204","3","DB151"
 "BD059","7","CB169"
 "BA135","7","DB170"
 "BD059","1","LA228"
 "LA235","3","LA005"
 "LA235","2","LA237"
 "BF060","3","LS016"
 "LS016","2","LA251"
 "MW164","1","MW165"
 "BF034","1","PA029"
 "GB229","1","BF239"
 "GB229","1","BF240"
 "BB179","8","GB229"
 "BB179","8","OB127"
 "BB179","7","BF240"
 "GB057","8","BB063"
 "GB057","8","GB058"
 "AC083","3","LA108"
 "BF248","12","BF245"
 "BF248","12","BF246"
 "BF069","11","BF248"
 "BF245","2","LS232"
 "BF246","2","LS232"
 "BF069","2","BF245"
 "BF245","8","BF070"
 "BF245","8","BF068"
 "BF245","8","LC061"
 "BF069","2","BF246"
 "BF246","8","BF068"
 "BF246","8","BF070"
 "BF246","8","LC061"
 "CB188","2","PC117"
 "CB188","2","OB129"
 "BA187","2","AC117"
 "LS008","2","LC077"
 "LS219","1","LS220"
 "LS219","8","LA254"
 "LS219","8","BB174"
 "LS219","8","BB173"
 "LA255","8","LS219"
 "LA255","8","LS220"
 "LS220","8","LA254"
 "LS220","8","BB174"
 "LS220","8","BB173"
 "GB241","8","BB201"
 "GB241","8","GP301"
 "BB191","8","BB201"
 "BB191","8","GP301"
 "LA077","2","LA078"
 "LA260","0","BF171"
 "LA261","2","BF171"
 "BF171","3","LA008"
 "LA059","7","BF171"
 "LA260","7","CB042"
 "LA260","0","BF170"
 "LS223","1","GB218"
 "LS223","1","GB219"
 "LA107","3","BB065"
 "LA107","3","BB066"
 "LA107","1","GP136"
 "LA107","1","GP137"
 "LA107","1","GP140"
 "GP136","3","BF250"
 "GP136","3","LA288"
 "GP137","3","LA288"
 "GP137","3","LC037"
 "GP139","2","AC054"
 "GP136","2","AC054"
 "GP140","2","AC054"
 "GP137","2","AC054"
 "LA107","2","AC054"
 "AC053","3","LA122"
 "LA106","2","AC053"
 "LA105","2","AC053"
 "BA207","10","AC122"
 "BA208","10","AC122"
 "BA209","10","AC122"
 "AC122","2","LC038"
 "LA106","7","AC054"
 "LA105","7","AC054"
 "LS039","1","AC028"
 "LA108","2","LA207"
 "GP267","3","GB067"
 "LA309","3","PA169"
 "RP182","2","LA309"
 "PA168","2","LA309"
 "LC027","2","BF073"
 "LC028","2","BF073"
 "LC028","2","BF277"
 "LC027","2","BF277"
 "BF277","3","BF073"
 "LS079","1","PA061"
 "CB004","3","CB167"
 "PA074","1","RP082"
 "PA074","1","RP083"
 "CB015","1","CB016"
 "CB017","1","CB015"
 "CB017","1","CB016"
 "RP082","1","RP083"
 "CB027","1","CB030"
 "PA099","1","PA100"
 "OB103","1","OB105"
 "OB104","1","OB103"
 "OB104","1","OB105"
 "BB152","8","OB105"
 "BB152","8","OB104"
 "BB152","8","OB103"
 "OB103","3","BB113"
 "OB103","8","BB114"
 "OB103","8","GB198"
 "OB103","8","GB197"
 "OB105","3","BB113"
 "OB105","8","BB114"
 "OB105","8","GB198"
 "OB104","3","BB113"
 "OB104","8","BB114"
 "OB104","8","GB198"
 "OB104","8","GB152"
 "OB104","8","GB197"
 "OB017","1","OB015"
 "OB016","1","OB018"
 "OB113","1","OB114"
 "GB227","1","OB125"
 "GB227","8","OB124"
 "OB125","8","OB124"
 "OB047","1","OB048"
 "OB035","1","OB034"
 "BA134","2","OB088"
 "BB117","3","DB169"
 "OB088","3","BB117"
 "BA134","7","BB118"
 "BA135","2","OB088"
 "OB011","1","OB012"
 "OB102","1","OB101"
 "OB058","1","OB059"
 "OB118","1","OB117"
 "OB118","1","OB119"
 "OB119","1","OB117"
 "OB086","1","OB085"
 "OB055","1","OB057"
 "PA109","1","PA107"
 "PA109","1","PA108"
 "PA107","1","PA108"
 "PB076","1","PB074"
 "PB076","1","OB111"
 "PB074","1","OB111"
 "OB096","1","OB097"
 "OB095","2","OB096"
 "PA207","2","OB096"
 "PA134","2","OB096"
 "PA135","2","OB096"
 "OB095","2","OB097"
 "PA207","2","OB097"
 "PA134","2","OB097"
 "PA135","2","OB097"
 "OB095","1","PA207"
 "OB095","1","PA134"
 "OB095","1","PA135"
 "LB029","3","BF035"
 "LB030","3","BF035"
 "LB029","1","LB030"
 "LB005","1","BB003"
 "LB005","1","BB002"
 "PA135","1","PA134"
 "PA135","1","PA207"
 "LS033","2","GB019"
 "PA207","1","PA134"
 "LS033","2","GB020"
 "BB105","8","BB027"
 "BB027","1","LA041"
 "GP080","1","GP072"
 "GP080","1","GP078"
 "GP081","7","GP080"
 "GP076","7","GP080"
 "GP077","7","GP080"
 "GP071","7","GP080"
 "BB080","2","GP005"
 "BB080","2","GP003"
 "BB080","2","GP004"
 "BB082","2","GP006"
 "BB080","2","GP006"
 "BB082","2","GP005"
 "OB006","1","OB005"
 "PA160","2","LA251"
 "PA160","7","PA161"
 "LA251","2","PA161"
 "PA139","2","PA160"
 "PA140","2","PA160"
 "PA160","3","PC051"
 "PA160","3","OB006"
 "PA160","3","OB007"
 "PA160","3","DB013"
 "PA139","7","LA251"
 "PA140","7","LA251"
 "PA139","7","LS186"
 "PA140","7","LS186"
 "PA139","2","PC051"
 "PA140","2","PC051"
 "PC051","3","OB006"
 "PC051","3","OB005"
 "PC051","3","DB013"
 "OB006","1","DB013"
 "OB006","2","OB007"
 "LA242","2","AC102"
 "OB008","2","OB006"
 "OB004","2","OB006"
 "PA139","2","OB006"
 "PA140","2","OB006"
 "OB005","1","DB013"
 "OB005","2","OB007"
 "BF279","2","BF078"
 "OB008","2","OB005"
 "OB004","2","OB005"
 "PA139","2","OB005"
 "PA140","2","OB005"
 "OB005","3","PA160"
 "DB013","2","OB007"
 "LS043","3","LS012"
 "OB008","2","DB013"
 "OB004","2","DB013"
 "PA139","2","DB013"
 "PA140","2","DB013"
 "BF214","7","DB004"
 "OB004","7","OB007"
 "OB008","7","OB007"
 "PA139","7","OB007"
 "PA140","7","OB007"
 "LA141","1","LA143"
 "LA141","1","DB083"
 "LA259","1","LA268"
 "HC012","1","LS025"
 "HC011","1","LS025"
 "LS210","2","PC064"
 "OB008","1","OB004"
 "GP087","3","LA203"
 "PA139","1","PA140"
 "GB198","7","PA139"
 "PA004","8","LS213"
 "GB198","7","PA140"
 "PA004","8","LS212"
 "DB004","1","DB005"
 "PA002","1","LA005"
 "BA164","1","DP117"
 "BA164","1","DP116"
 "BA164","1","DP118"
 "DP118","1","DP117"
 "DP118","1","DP116"
 "DP117","1","DP116"
 "RP024","1","GP036"
 "RP024","1","GP041"
 "AP014","2","BA027"
 "GP096","1","DB047"
 "GP096","1","OB034"
 "GP095","1","DB047"
 "GP095","1","OB034"
 "DB047","1","OB034"
 "OB035","1","DB047"
 "OB035","1","GP096"
 "OB035","1","GP095"
 "GP095","2","DB046"
 "GP096","2","DB046"
 "DB047","2","DB046"
 "OB034","2","DB046"
 "OB035","2","DB046"
 "GP045","7","OB034"
 "GP045","7","OB035"
 "GP046","2","OB034"
 "GP046","2","OB035"
 "GP046","7","DB046"
 "GP047","7","OB034"
 "GP047","7","OB035"
 "GP048","7","OB034"
 "GP048","7","OB035"
 "GP302","2","DB180"
 "GP302","2","DB179"
 "BB152","7","GP020"
 "GP019","8","GB198"
 "BB152","7","GP019"
 "GP020","8","GB198"
 "PA176","1","PA177"
 "PA176","2","LA270"
 "PA176","2","CB109"
 "PA177","2","LA270"
 "PA177","2","CB109"
 "LA270","3","CB109"
 "PA015","1","PA016"
 "PA028","1","PA029"
 "PA018","1","PA019"
 "PA018","1","PA020"
 "PA018","3","PA028"
 "PA018","3","PA029"
 "PA018","3","BF034"
 "PA019","1","PA020"
 "PA019","3","PA028"
 "PA019","3","PA029"
 "PA019","3","BF034"
 "PA020","3","PA028"
 "PA020","3","PA029"
 "PA020","3","BF034"
 "PA028","1","BF034"
 "BB020","7","PA161"
 "DB170","7","PA161"
 "DB169","2","DB170"
 "GB020","2","PA017"
 "GB019","2","PA017"
 "OB039","1","OB040"
 "OB042","3","OB043"
 "OB051","1","OB053"
 "OB054","1","OB056"
 "OB067","2","OB066"
 "CB143","1","CB144"
 "DB004","2","AP014"
 "BA135","3","OB060"
 "BB122","7","BA135"
 "GB138","3","OB060"
 "GB099","2","PC073"
 "PC073","1","BA135"
 "PC073","3","OB060"
 "GB099","2","OB060"
 "BF234","3","BA134"
 "BF234","3","BA135"
 "GB099","2","BF234"
 "LC018","3","OB129"
 "LC019","3","OB129"
 "OB129","3","LC005"
 "OB129","3","LC006"
 "LC006","2","DB030"
 "LC005","2","DB030"
 "LC027","3","DB030"
 "LC028","3","DB030"
 "DP092","1","DP093"
 "GB128","2","OB072"
 "OB072","7","BF149"
 "OB072","7","BF150"
 "CB180","1","CB179"
 "CB181","1","CB179"
 "CB181","1","CB180"
 "CB182","1","CB179"
 "CB182","1","CB180"
 "CB182","1","CB181"
 "CB183","1","CB179"
 "CB183","1","CB180"
 "CB183","1","CB181"
 "CB183","1","CB182"
 "BF149","3","CB186"
 "LA267","7","PA168"
 "LA267","7","RP182"
 "BF150","3","CB186"
 "GB128","7","CB179"
 "GB128","7","CB180"
 "GB128","7","CB181"
 "GB128","7","CB182"
 "GB128","7","CB183"
 "CB186","8","BF149"
 "PA168","1","RP182"
 "PA168","2","PA169"
 "PA168","2","PA211"
 "PA168","7","PA107"
 "PA168","7","PA057"
 "PA168","7","GB067"
 "PA168","7","GP267"
 "PA168","7","OB066"
 "RP182","2","PA169"
 "RP182","2","PA211"
 "RP182","7","PA017"
 "RP182","7","PA057"
 "RP182","7","GB067"
 "RP182","7","GP267"
 "RP182","7","OB066"
 "PA169","1","PA211"
 "GP265","10","BF235"
 "PA169","2","PA017"
 "PA169","2","PA057"
 "PA169","2","GB067"
 "PA169","2","GP267"
 "PA169","2","OB066"
 "PA169","7","BF087"
 "PA169","7","PA059"
 "PA211","3","LA309"
 "PA211","2","PA017"
 "PA211","2","PA057"
 "PA211","2","GB067"
 "PA211","2","GP267"
 "PA211","2","OB066"
 "PA211","7","BF087"
 "PA211","7","PA059"
 "PA168","7","PA017"
 "PA017","3","PA057"
 "PA017","3","GB067"
 "PA017","3","GP267"
 "PA017","3","OB066"
 "PA057","1","GB067"
 "PA057","3","GP267"
 "PA057","3","OB066"
 "GB066","2","PA057"
 "GB067","3","OB066"
 "GP267","3","OB066"
 "GP267","2","PA059"
 "BF087","1","PA059"
 "BF088","7","PA059"
 "BF086","7","PA059"
 "BF089","2","PA059"
 "PA059","3","BF221"
 "BF235","11","PB081"
 "GP265","11","PB081"
 "CB095","3","CB075"
 "DB059","1","DB058"
 "OB043","1","DB060"
 "DB060","3","OB042"
 "CB078","1","CB073"
 "CB074","2","CB095"
 "CB075","1","PB081"
 "CB074","2","CB075"
 "CB075","7","CB073"
 "CB075","7","CB078"
 "CB074","2","PB081"
 "CB075","3","CB177"
 "CB076","1","CB075"
 "CB076","1","PB081"
 "CB076","3","CB095"
 "CB074","2","CB076"
 "CB076","7","CB073"
 "CB076","7","CB078"
 "CB077","1","CB074"
 "CB077","2","CB095"
 "CB075","2","PB001"
 "CB076","2","PB001"
 "CB177","3","CB095"
 "CB074","2","CB177"
 "CB077","2","CB177"
 "CB177","3","CB076"
 "PB081","3","CB095"
 "PB081","3","CB177"
 "CB077","2","PB081"
 "CB077","2","CB076"
 "CB077","2","CB075"
 "DB169","3","OB088"
 "DB169","3","BB121"
 "PB081","7","CB078"
 "BA134","2","DB169"
 "BA094","0","RP085"
 "PC117","1","BF241"
 "PC117","1","OB129"
 "OB060","3","BA134"
 "CB137","3","CB136"
 "CB043","2","CB044"
 "BF241","1","OB129"
 "GB041","1","DB029"
 "LS029","3","BA211"
 "LS029","3","GB245"
 "LS029","3","LS238"
 "GB035","3","BA211"
 "GB035","3","GB245"
 "GB035","3","LS238"
 "LS029","3","DB027"
 "LS029","3","DB028"
 "GB035","3","DB027"
 "GB035","3","DB028"
 "LA235","3","DB027"
 "LA235","3","DB028"
 "LA235","3","BA211"
 "LA235","3","GB245"
 "LA235","3","LS238"
 "LS029","3","BA212"
 "GB035","3","BA212"
 "LA235","3","BA212"
 "BA212","3","AC024"
 "BA212","3","GB040"
 "BA212","3","BA045"
 "BA212","3","BA046"
 "BA212","3","DB027"
 "BA212","3","DB028"
 "BA211","3","AC024"
 "BA211","3","GB040"
 "BA211","3","BA045"
 "BA211","3","BA046"
 "BA211","3","DB027"
 "BA211","3","DB028"
 "GB245","3","AC024"
 "GB245","3","GB040"
 "GB245","3","BA045"
 "GB245","3","BA046"
 "GB245","3","DB027"
 "GB245","3","DB028"
 "LS238","3","AC024"
 "LS238","3","GB040"
 "LS238","3","BA045"
 "LS238","3","BA046"
 "LS238","3","DB027"
 "LS238","3","DB028"
 "BA045","1","DB027"
 "BA045","1","DB028"
 "BA045","2","DB029"
 "BA045","2","DB034"
 "BA045","7","DB032"
 "BA045","7","DB026"
 "BA045","7","DB031"
 "BA045","2","DB030"
 "BA046","1","DB027"
 "BA046","1","DB028"
 "BA046","2","DB029"
 "BA046","2","DB034"
 "BA046","2","DB030"
 "BA046","7","DB032"
 "BA046","7","DB026"
 "BA046","7","DB031"
 "PA062","3","DB124"
 "GB040","1","DB028"
 "GB040","2","DB029"
 "GB040","2","DB034"
 "GB040","2","DB030"
 "GB040","7","DB032"
 "GB040","7","DB026"
 "GB040","7","DB031"
 "AC024","1","DB027"
 "AC024","1","DB028"
 "AC024","2","DB029"
 "AC024","2","DB034"
 "AC024","7","DB026"
 "AC024","7","DB031"
 "AC024","7","BA047"
 "AC024","7","DB032"
 "AC024","2","DB030"
 "LS012","2","BF023"
 "LS013","2","BF023"
 "PA083","1","BD041"
 "RP161","1","LS201"
 "RP161","3","GB213"
 "GB213","3","LS200"
 "GB213","3","LS201"
 "GB213","3","GB212"
 "BA175","1","RP161"
 "LS200","1","RP161"
 "GB212","1","RP161"
 "GB213","3","BA175"
 "LA158","8","LA041"
 "GB210","7","BA183"
 "GB210","7","BA182"
 "OB143","1","CB204"
 "GP290","1","OB143"
 "CB204","1","GP290"
 "CB050","1","GP090"
 "CB061","1","CB060"
 "CB060","3","LA306"
 "CB061","3","LA306"
 "GP083","2","CB039"
 "GP300","2","BF078"
 "GP299","2","BF078"
 "CB183","2","PC114"
 "GB091","2","GP146"
 "OB051","2","GP146"
 "OB051","1","GB091"
 "OB053","2","GP146"
 "CB181","2","PC114"
 "CB182","2","PC114"
 "GB091","2","OB052"
 "OB052","1","GP146"
 "OB051","2","OB052"
 "OB053","2","OB052"
 "GP036","3","LS189"
 "RP024","3","LS189"
 "RP025","1","RP024"
 "RP025","1","GP036"
 "RP025","3","LS189"
 "RP025","8","OB053"
 "RP025","8","OB051"
 "RP025","8","GP146"
 "GB091","1","OB053"
 "PA002","3","GB035"
 "CB179","2","PC114"
 "CB180","0","PC114"
 "LS029","3","PA002"
 "LA235","3","PA002"
 "LA005","7","DB004"
 "PA002","7","DB004"
 "PA147","1","PA146"
 "PA002","7","DB005"
 "PA002","8","BA102"
 "PA002","8","GP256"
 "GB139","3","LA233"
 "GB074","2","LA096"
 "GB075","2","LA096"
 "LA097","7","LA096"
 "PC053","7","BA113"
 "PC053","2","BA111"
 "PC053","2","BA112"
 "PC053","2","LS118"
 "PC053","7","BA114"
 "AC071","2","PC053"
 "AC071","7","BA111"
 "AC071","7","BA112"
 "AC071","7","LS118"
 "LC072","1","BA158"
 "GP260","7","PC113"
 "PC113","2","BA190"
 "GP260","8","BA190"
 "BB138","1","LS167"
 "BB138","1","LS169"
 "BB138","1","LS170"
 "BF186","1","LS167"
 "BF186","1","LS168"
 "BF186","1","LS169"
 "BF186","1","LS170"
 "RP140","7","LS167"
 "RP140","7","LS168"
 "RP140","7","LS169"
 "RP140","7","LS170"
 "RP140","7","BB138"
 "RP140","7","BF186"
 "CB128","2","LA091"
 "GB134","2","GB136"
 "DB124","1","GB176"
 "DB124","1","GB177"
 "CB128","7","CB127"
 "BB081","3","GB177"
 "CB128","7","CB126"
 "CB128","7","PA112"
 "RP142","7","LS168"
 "RP142","7","LS170"
 "RP142","7","LS169"
 "RP142","7","BB138"
 "LA005","3","LA259"
 "LA005","3","GB062"
 "RP142","7","BF186"
 "OB088","2","GP217"
 "OB088","2","GP218"
 "OB088","2","GP219"
 "RP142","1","RP140"
 "RP142","3","BA153"
 "LA236","7","RP182"
 "RP142","7","LS167"
 "GP217","7","PA032"
 "GP218","7","PA032"
 "GP219","7","PA032"
 "CB167","3","RP140"
 "CB167","3","RP142"
 "CB167","3","BA153"
 "LA236","2","GB062"
 "DB122","1","BF178"
 "PA014","1","BF027"
 "DB027","1","GB040"
 "DB027","1","DB028"
 "DB028","3","RP212"
 "DB027","2","DB029"
 "DB027","2","GB041"
 "DB027","2","DB034"
 "DB027","2","DB030"
 "DB027","7","DB032"
 "DB027","7","BA047"
 "DB027","7","DB026"
 "DB027","7","DB031"
 "DB027","7","LS034"
 "DB027","7","LS035"
 "DB028","7","LS034"
 "DB028","2","DB029"
 "DB028","2","GB041"
 "DB028","2","DB034"
 "DB028","2","DB030"
 "DB028","7","DB032"
 "DB028","7","BA047"
 "DB028","7","DB026"
 "DB028","7","DB031"
 "DB028","7","LS035"
 "GB041","1","DB034"
 "GB041","2","DB032"
 "GB041","3","DB030"
 "DB029","1","DB034"
 "DB029","2","DB032"
 "DB029","2","BA047"
 "DB029","3","DB030"
 "DB034","2","BA047"
 "DB034","2","DB032"
 "DB034","3","DB030"
 "DB032","1","BA047"
 "DB032","2","DB029"
 "DB032","2","GB041"
 "DB032","2","DB034"
 "DB030","2","DB026"
 "DB030","2","DB031"
 "DB030","2","LS035"
 "DB030","2","LS034"
 "LS034","1","DB026"
 "LS034","1","DB031"
 "LS035","1","DB026"
 "LS035","1","DB031"
 "DB026","7","AC024"
 "PA035","1","AC029"
 "PA035","7","BF067"
 "GP134","3","GP283"
 "GB078","2","LC036"
 "GB081","2","LS083"
 "LS082","2","LC036"
 "PA113","3","PA201"
 "PA113","3","PA202"
 "PA201","1","PA202"
 "PA116","1","PA115"
 "GB048","8","GP132"
 "GB048","8","GP130"
 "GB046","8","GP132"
 "GB046","8","GP130"
 "GB047","8","GP130"
 "GB047","8","GP132"
 "PC073","1","BA134"
 "AC126","3","LA108"
 "AC129","1","GB239"
 "AC130","1","AC023"
 "AC130","1","GB240"
 "AC023","1","AC127"
 "AC023","1","AC129"
 "AC023","1","AC125"
 "AC023","1","GB239"
 "AC023","1","GB240"
 "AC126","2","AC023"
 "GB239","1","AC130"
 "GB239","1","AC127"
 "GB239","1","AC125"
 "GB239","3","MW014"
 "GB240","1","AC127"
 "GB240","1","AC129"
 "GB240","1","AC125"
 "AC126","2","GB240"
 "AC126","2","AC125"
 "AC126","2","AC127"
 "AC126","2","AC129"
 "AC126","2","GB239"
 "GB240","3","MW014"
 "AC125","3","MW014"
 "AC130","3","MW014"
 "GB099","2","BA134"
 "GB099","3","BF120"
 "GB099","2","BA135"
 "GB099","2","PA076"
 "DB005","2","AP014"
 "LA005","7","DB005"
 "AP027","1","AP028"
 "BB080","2","GP091"
 "BB082","2","GP091"
 "GP091","3","GP003"
 "GP091","3","GP004"
 "GP091","3","GP005"
 "GP091","3","GP006"
 "GB210","7","BA184"
 "GB210","7","BA185"
 "GB210","7","BA186"
 "GP210","8","BB002"
 "GP210","8","BB003"
 "BB002","3","GP210"
 "BB003","3","GP210"
 "BB003","8","LS016"
 "BA101","8","LA127"
 "BA101","7","GP267"
 "PA179","1","PA180"
 "PA179","1","PA182"
 "PA182","1","PA180"
 "GB234","1","PA181"
 "PA181","1","GB235"
 "PA181","1","GB236"
 "PA179","7","PA181"
 "PA179","7","GB236"
 "PA179","7","GB234"
 "PA179","7","GB235"
 "GP270","7","PA179"
 "BB064","1","BF056"
 "PA182","7","PA181"
 "PA182","7","GB234"
 "PA182","7","GB235"
 "PA182","7","GB236"
 "GP270","7","PA182"
 "PA180","7","PA181"
 "PA180","7","GB234"
 "PA180","7","GB235"
 "PA180","7","GB236"
 "GP270","7","PA180"
 "PA199","1","PA197"
 "PA196","2","PA197"
 "PA196","2","PA199"
 "PA205","1","PA203"
 "PA205","1","PA204"
 "PA204","1","PA203"
 "RP020","1","RP024"
 "RP020","1","RP025"
 "RP020","1","GP036"
 "RP020","3","LS189"
 "RP020","1","GP041"
 "RP025","1","GP041"
 "AC114","2","BA101"
 "AC114","3","BB198"
 "GB062","1","PA052"
 "LA236","2","PA052"
 "DB153","1","DB154"
 "DB156","1","DB153"
 "DB156","1","DB154"
 "GB204","1","DB156"
 "GB204","1","DB153"
 "GB204","1","DB154"
 "RP161","3","PB081"
 "CB094","1","CB092"
 "CB094","1","BF123"
 "CB095","2","CB092"
 "CB095","2","BF123"
 "CB095","2","CB094"
 "CB092","1","BF123"
 "RP161","3","CB075"
 "RP161","3","CB076"
 "CB156","1","CB155"
 "CB156","1","CB154"
 "CB155","1","CB154"
 "PA037","1","LC018"
 "PA036","1","LC018"
 "PA036","3","LC005"
 "PA037","3","LC005"
 "PA037","3","LC006"
 "PA036","3","LC006"
 "PA037","3","OB129"
 "PA036","3","OB129"
 "PA037","1","LC019"
 "PA036","1","LC019"
 "PA036","1","PA037"
 "PA036","3","PC117"
 "PA083","1","PA084"
 "PA036","3","BF241"
 "PA037","3","PC117"
 "PA083","1","LA241"
 "PA037","3","BF241"
 "LC018","3","PC117"
 "CB128","2","GB064"
 "LC018","3","BF241"
 "LC019","3","PC117"
 "LC019","3","BF241"
 "CB108","1","CB107"
 "CB136","3","CB135"
 "PA152","1","BF222"
 "PC117","3","LC005"
 "PC117","3","LC006"
 "BF241","3","LC005"
 "BF241","3","LC006"
 "GB139","1","LS138"
 "GB139","3","LA236"
 "GB139","3","GB207"
 "GB139","7","BA137"
 "GB139","7","BA136"
 "GB140","1","LS138"
 "GB140","3","LA233"
 "GB140","3","GB207"
 "GB140","3","LA236"
 "GB140","7","BA137"
 "GB140","7","BA136"
 "LS138","3","LA233"
 "LS138","3","LA236"
 "LS138","3","GB207"
 "LS138","7","BA136"
 "LS138","7","BA137"
 "BA136","2","BA138"
 "BA136","7","OB076"
 "BA137","2","BA138"
 "BA137","7","OB076"
 "BA138","2","OB076"
 "BB179","7","GB229"
 "GB229","8","OB127"
 "BB179","7","BF239"
 "BF239","8","OB127"
 "BF240","8","OB127"
 "OB127","2","BF178"
 "OB127","2","DB122"
 "OB127","2","BB194"
 "LA050","2","OB082"
 "LA051","2","OB082"
 "LA052","2","OB082"
 "LA053","2","OB082"
 "LA050","7","BA136"
 "LA050","7","BA137"
 "LA052","7","BA136"
 "LA052","7","BA137"
 "LA051","7","BA136"
 "LA051","7","BA137"
 "LA053","7","BA136"
 "LA053","7","BA137"
 "PB081","2","PB001"
 "CB074","7","PB001"
 "CB077","7","PB001"
 "CB019","1","RP034"
 "GP051","2","CB019"
 "GP051","2","RP034"
 "RP054","1","RP055"
 "RP054","1","RP056"
 "RP054","3","RP002"
 "RP054","1","MW055"
 "RP055","1","RP056"
 "RP055","1","MW055"
 "RP055","3","RP002"
 "RP002","3","RP056"
 "RP002","3","OB127"
 "RP066","1","RP067"
 "CB083","1","PB036"
 "RP081","1","RP080"
 "RP085","1","BA095"
 "RP140","3","BA153"
 "GB207","2","PA052"
 "RP161","3","BA187"
 "RP193","1","RP194"
 "RP193","1","RP195"
 "RP195","1","RP194"
 "CB197","2","LA288"
 "CB196","2","LA288"
 "BB186","1","CB196"
 "BB186","1","CB197"
 "CB197","2","BF250"
 "CB196","2","BF250"
 "BF251","1","CB196"
 "BF251","1","CB197"
 "CB196","1","CB197"
 "LA005","8","GP256"
 "LA005","8","BA102"
 "BB165","7","PA002"
 "LA236","2","PA002"
 "GB207","2","PA002"
 "AC068","1","AC064"
 "PC109","1","PC110"
 "BF102","1","BF103"
 "BF101","1","BF102"
 "BF101","1","BF103"
 "OB069","3","BA120"
 "OB069","3","BA121"
 "OB069","3","BA122"
 "BA118","2","OB069"
 "BA119","2","OB069"
 "CB027","1","CB029"
 "CB027","1","CB028"
 "CB028","1","CB029"
 "CB028","1","CB030"
 "CB029","1","CB030"
 "PC110","2","PC107"
 "PC110","2","PC108"
 "PA084","1","LA241"
 "PA084","1","BD041"
 "PA084","8","GB104"
 "PA084","8","BA107"
 "PA084","8","BD038"
 "PA084","8","BD040"
 "PA084","8","BD037"
 "BD038","2","PC051"
 "BD040","2","PC051"
 "BD037","2","PC051"
 "GP163","2","BF211"
 "CB189","2","OB129"
 "CB103","1","CB104"
 "PA004","7","LS041"
 "LA262","7","LC077"
 "BA149","3","LA012"
 "BA149","3","LA069"
 "BA033","10","BA034"
 "GP050","2","BA033"
 "GP050","2","BA034"
 "LC015","1","BD014"
 "LA148","1","BF103"
 "LA148","1","BF101"
 "BF102","1","LA148"
 "BB094","7","PC049"
 "BB094","7","PC048"
 "BF119","2","PC049"
 "BF119","2","PC048"
 "PC049","1","PC048"
 "BD014","2","GP055"
 "LC015","2","GP055"
 "LS196","7","GB204"
 "LS197","7","GB204"
 "LS196","7","DB153"
 "LS197","7","DB153"
 "LS196","7","DB154"
 "LS197","7","DB154"
 "LS196","7","DB156"
 "LS197","7","DB156"
 "CB043","2","LA066"
 "LA066","7","OB053"
 "LA066","7","OB051"
 "PC024","1","PC023"
 "DB054","1","BF070"
 "DB054","1","BF068"
 "CB059","2","BF068"
 "CB059","2","BF070"
 "CB059","2","DB054"
 "GB064","7","DB059"
 "GB064","7","DB058"
 "LA092","2","GB065"
 "GB065","7","DB059"
 "GB065","7","DB058"
 "GB066","3","GB218"
 "GB066","3","GB219"
 "GB066","3","LS223"
 "DB058","2","GB067"
 "DB059","2","GB067"
 "GB067","7","LS074"
 "DB058","2","PA057"
 "DB059","2","PA057"
 "PA057","7","LS074"
 "PA057","6","LS074"
 "LA091","1","GB064"
 "LA091","7","DB059"
 "LA091","7","DB058"
 "DB058","1","GB066"
 "DB058","3","GB137"
 "DB058","3","GB218"
 "DB058","3","GB219"
 "DB058","3","LS223"
 "DB059","1","GB066"
 "DB059","3","GB137"
 "DB059","3","GB218"
 "DB059","3","GB219"
 "DB059","3","LS223"
 "CB090","1","CB091"
 "PB045","2","PB046"
 "CB137","1","CB135"
 "CB134","3","CB137"
 "LC056","3","AC084"
 "AC084","8","LC037"
 "LS033","8","BB186"
 "LS033","8","LA097"
 "MW015","1","BA018"
 "LA097","8","BB186"
 "BF251","8","LS033"
 "BF251","8","LA097"
 "CB197","8","LA097"
 "CB197","8","LS033"
 "CB196","8","LA097"
 "CB196","8","LS033"
 "PA117","7","OB109"
 "OB109","1","BF219"
 "LC061","1","GB164"
 "LC061","1","GB163"
 "AC093","3","GB064"
 "AC093","3","GB065"
 "AC093","3","LA092"
 "BF189","1","LS173"
 "BF188","1","LS173"
 "DB131","1","DB135"
 "DB132","2","DB131"
 "DB133","2","DB131"
 "DB134","2","DB131"
 "DB132","1","DB133"
 "DB132","1","DB134"
 "DB132","2","DB135"
 "DB132","3","GB134"
 "DB133","1","DB134"
 "DB133","3","GB134"
 "DB133","2","DB135"
 "DB134","3","GB134"
 "DB134","2","DB135"
 "DB131","8","GB134"
 "DB135","8","GB134"
 "CB167","3","BD059"
 "CB004","3","BD059"
 "CB004","3","LA228"
 "CB106","1","CB105"
 "BD074","1","HC069"
 "LS237","3","BF166"
 "OB050","10","OB049"
 "LS238","2","LS126"
 "GB245","2","LS126"
 "BA211","2","LS126"
 "BA212","2","LS126"
 "LC017","1","LS045"
 "LC017","1","LS044"
 "LC045","2","LC017"
 "LC017","3","LS012"
 "LC017","3","LS013"
 "LS012","3","LS044"
 "LS012","3","LS045"
 "LC045","2","LS012"
 "LC045","2","LS013"
 "LS013","3","LS044"
 "LS013","3","LS045"
 "LC045","2","LS044"
 "LC045","2","LS045"
 "LC065","12","GP114"
 "LA274","8","LA272"
 "LA272","8","LA273"
 "GB163","3","BF069"
 "GB163","8","CB059"
 "BF069","3","GB164"
 "BF069","8","CB059"
 "DB054","8","BF245"
 "DB054","8","BF246"
 "DB054","8","BF069"
 "DB054","8","LC061"
 "DB054","8","GB164"
 "DB054","8","GB163"
 "GP078","2","GB081"
 "GP077","7","GP079"
 "GP081","7","GP079"
 "GP076","7","GP079"
 "GP071","7","GP079"
 "GP082","2","GP079"
 "GP090","3","GP290"
 "GP090","3","CB204"
 "GP090","3","OB143"
 "PC019","1","PC020"
 "BB080","2","GP092"
 "BB082","2","GP092"
 "GP092","3","GP003"
 "GP092","3","GP004"
 "GP092","3","GP005"
 "GP092","3","GP006"
 "GP147","8","LS012"
 "GP147","8","LS013"
 "GP147","8","LS044"
 "GP147","8","LS045"
 "GP147","8","LC017"
 "CB087","1","GP148"
 "GP240","2","DP118"
 "GP240","2","DP117"
 "GP240","8","AC049"
 "GP241","2","DP117"
 "GP241","2","DP118"
 "GP241","8","AC049"
 "GP256","8","BA102"
 "GP261","8","CB087"
 "BA177","1","GP252"
 "BA178","1","GP252"
 "LS211","2","PC064"
 "PC064","3","LS212"
 "GP285","7","CB088"
 "OB109","2","GP185"
 "CB211","1","GP301"
 "CB211","1","BB201"
 "CB039","8","CB114"
 "BF219","2","GP185"
 "CB128","2","GB065"
 "LS001","1","BF001"
 "PC002","1","PC003"
 "GP303","0","DB180"
 "GP303","0","DB179"
 "DB179","1","DB180"
 "PC044","3","PC045"
 "PC049","2","PC045"
 "PC087","2","DB132"
 "PC087","2","DB133"
 "PC087","2","DB134"
 "PC087","2","GB134"
 "PC087","3","GB224"
 "PC077","1","PC076"
 "PC091","1","PC092"
 "BA071","3","PC093"
 "BA070","8","PC093"
 "PC094","3","BA134"
 "PC094","3","BA135"
 "LS041","3","LS040"
 "GB046","7","LS041"
 "GB048","7","LS041"
 "LS042","3","LS041"
 "GB046","7","LS042"
 "GB047","7","LS042"
 "GB048","7","LS042"
 "PA004","7","LS042"
 "GP050","3","GP143"
 "GP302","11","GP303"
 "GP223","2","GP208"
 "GP224","2","GP208"
 "PC107","1","PC108"
 "PC109","2","PC107"
 "PC109","2","PC108"
 "OB060","3","BF234"
 "BF234","3","PA076"
 "BB108","7","BF161"
 "BB108","7","BF160"
 "LS190","1","PB074"
 "LS190","1","PB076"
 "LS190","1","OB111"
 "LS190","1","LS191"
 "LS190","1","LS192"
 "LS190","1","LS193"
 "LS191","1","PB074"
 "LS191","1","PB076"
 "LS191","1","OB111"
 "LS192","1","PB074"
 "LS192","1","PB076"
 "LS192","1","OB111"
 "LS193","1","PB074"
 "LS193","1","PB076"
 "LS193","1","OB111"
 "PB001","6","PB079"
 "PB020","1","PB021"
 "PB092","1","CB205"
 "DB085","2","DB004"
 "DB085","2","DB005"
 "DB017","2","DB016"
 "BB014","1","DB017"
 "BB014","2","DB016"
 "GP071","2","BD040"
 "AC029","7","BF067"
 "PA035","2","GP075"
 "AC029","2","GP075"
 "PA035","2","GP071"
 "PA035","2","GP081"
 "PA035","2","GP076"
 "PA035","2","GP077"
 "AC029","2","GP071"
 "AC029","2","GP081"
 "AC029","2","GP076"
 "AC029","2","GP077"
 "PA035","7","GP082"
 "PA035","7","GP286"
 "AC029","7","GP082"
 "AC029","7","GP286"
 "GP286","3","GP082"
 "GP082","2","GP073"
 "GP071","2","GP082"
 "GP081","2","GP082"
 "GP076","2","GP082"
 "GP077","2","GP082"
 "GP071","7","GP073"
 "GP081","7","GP073"
 "GP076","7","GP073"
 "GP077","7","GP073"
 "GP072","2","GB081"
 "GP080","2","GB081"
 "PA035","7","GP132"
 "AC029","7","GP132"
 "PA035","7","GP130"
 "AC029","7","GP130"
 "PC019","1","PC021"
 "PC020","1","PC021"
 "AP137","2","GP080"
 "AP137","2","GP072"
 "AP137","2","GP078"
 "AP137","7","GB081"
 "BF119","2","PC045"
 "PA200","1","LA309"
 "PA200","3","PA169"
 "RP182","2","PA200"
 "PA168","2","PA200"
 "PA200","3","PA211"
 "DB045","1","DB044"
 "DB045","1","GP085"
 "DB044","1","GP085"
 "BF095","3","LA071"
 "BF095","3","LA072"
 "BF095","3","LA073"
 "LA071","3","LA072"
 "LA071","3","LA073"
 "DB061","1","DB062"
 "DB061","1","DB063"
 "DB062","1","DB063"
 "CB069","7","DB061"
 "CB069","7","DB062"
 "CB069","7","DB063"
 "LA267","7","DB061"
 "LA267","7","DB062"
 "LA267","7","DB063"
 "GP255","3","CB069"
 "BB136","2","GP255"
 "BB136","2","CB069"
 "GP041","3","BF157"
 "GP014","1","CB003"
 "DB108","1","DB109"
 "BA049","7","DB108"
 "BA050","7","DB108"
 "BA048","7","DB108"
 "BA049","7","DB109"
 "BA050","7","DB109"
 "BA048","7","DB109"
 "BB182","2","GB099"
 "DB083","3","LA237"
 "LS029","2","DB083"
 "GB035","2","DB083"
 "LA235","2","DB083"
 "LA236","7","DB083"
 "GB207","7","DB083"
 "LA092","3","BB033"
 "LA092","2","AC093"
 "LA092","2","RP140"
 "LA092","2","RP142"
 "RP140","3","AC093"
 "RP140","3","GB065"
 "RP140","3","GB064"
 "RP140","3","LA091"
 "RP142","3","AC093"
 "RP142","3","GB065"
 "RP142","3","GB064"
 "RP142","3","LA091"
 "LA091","3","AC093"
 "LA091","7","GB137"
 "LA091","7","LA270"
 "LA091","7","GB218"
 "LA091","7","GB219"
 "LA091","7","LS223"
 "GB064","7","LA270"
 "GB064","7","GB218"
 "GB064","7","GB219"
 "GB064","7","LS223"
 "GB065","7","LA270"
 "GB065","7","GB218"
 "GB065","7","GB219"
 "GB065","7","LS223"
 "GB137","3","LA270"
 "GB137","3","GB218"
 "GB137","3","GB219"
 "GB137","3","LS223"
 "GB218","3","LA270"
 "LS223","2","GB220"
 "LS223","2","GB222"
 "LS223","2","GB223"
 "LS223","7","GB221"
 "LS223","3","LA270"
 "GB219","3","LA270"
 "LA270","3","DB058"
 "LA270","3","DB059"
 "LA270","3","GB066"
 "CB189","2","BF241"
 "CB189","2","PC117"
 "GP163","2","BF210"
 "BB198","2","CB086"
 "CB044","1","LA066"
 "CB044","7","OB051"
 "CB044","7","OB053"
 "CB044","7","GB091"
 "LA066","7","GB091"
 "CB112","1","CB111"
 "CB003","2","CB111"
 "CB003","2","CB112"
 "BB198","2","CB085"
 "CB085","1","CB086"
 "CB154","2","LA209"
 "CB155","2","LA209"
 "CB156","2","LA209"
 "GP230","7","LA209"
 "GP231","7","LA209"
 "GP233","7","LA209"
 "GP230","2","CB155"
 "GP231","2","CB155"
 "GP232","2","CB155"
 "GP233","2","CB155"
 "CB155","2","LA208"
 "CB154","2","LA208"
 "GP230","2","CB154"
 "GP231","2","CB154"
 "GP232","2","CB154"
 "GP233","2","CB154"
 "CB156","2","LA208"
 "GP230","2","CB156"
 "GP231","2","CB156"
 "GP232","2","CB156"
 "GP233","2","CB156"
 "GP230","7","LA208"
 "GP231","7","LA208"
 "GP232","7","LA208"
 "GP233","7","LA208"
 "GP232","7","LA209"
 "BB072","1","CB062"
 "BB072","1","CB063"
 "CB062","1","CB063"
 "CB075","3","MW152"
 "GB213","3","CB075"
 "GB212","3","PB081"
 "GB213","3","CB076"
 "GB213","3","PB081"
 "CB039","6","CB011"
 "OB134","2","BF111"
 "BA207","7","AP139"
 "BA208","7","AP139"
 "BA209","7","AP139"
 "BA207","10","OB134"
 "BA208","10","OB134"
 "BA209","10","OB134"
 "OB134","1","AC122"
 "GB138","1","BA134"
 "GB138","1","PC073"
 "GB138","1","BA135"
 "CB127","1","CB126"
 "LA020","7","LA021"
 "LA019","1","LA021"
 "LA020","7","LA019"
 "GB215","2","BA191"
 "GB215","8","LA020"
 "GB215","8","LA021"
 "LA256","2","GB216"
 "GB216","3","LA025"
 "LA256","2","GB215"
 "GB215","3","LA025"
 "GB216","8","LA021"
 "GB216","8","LA020"
 "GB216","2","BA191"
 "RP166","1","RP169"
 "LA114","2","LA020"
 "BB002","7","CB193"
 "BB003","7","CB193"
 "CB121","1","CB122"
 "CB121","1","CB123"
 "CB122","1","CB123"
 "LA261","7","CB042"
 "LA059","7","LA008"
 "LA260","2","LA008"
 "PA112","2","GP146"
 "PA112","2","OB052"
 "CB212","1","CB124"
 "CB041","1","CB042"
 "LA260","7","CB041"
 "LA261","7","CB041"
 "CB148","1","CB149"
 "BF099","1","BF100"
 "HC037","1","HC036"
 "LA013","0","MW011"
 "MW013","1","MW012"
 "LA013","4","BA009"
 "LA013","4","MW012"
 "LA013","4","MW013"
 "LA013","4","BA149"
 "BA009","2","MW010"
 "BA009","3","AC099"
 "BA009","1","MW012"
 "BA009","1","MW013"
 "BA149","3","MW012"
 "BA149","3","MW013"
 "MW011","2","BA149"
 "MW011","2","BA009"
 "LA012","1","MW012"
 "LA012","1","MW013"
 "LA012","2","MW010"
 "MW011","2","LA012"
 "MW010","1","MW009"
 "MW010","1","BA010"
 "MW012","2","MW010"
 "MW013","2","MW010"
 "MW011","7","MW010"
 "BA009","2","MW009"
 "LA012","2","MW009"
 "MW011","2","MW012"
 "MW011","2","MW013"
 "MW011","7","BA010"
 "MW011","7","MW009"
 "MW012","3","AC099"
 "MW012","3","LA069"
 "MW013","3","LA069"
 "MW013","2","MW009"
 "MW013","2","BA010"
 "MW012","2","BA010"
 "MW012","2","MW009"
 "MW009","1","BA010"
 "MW170","1","MW171"
 "LB107","1","LB105"
 "LB154","1","LB155"
 "BF169","1","CB132"
 "CB132","2","BF167"
 "CB132","1","BF168"
 "CB133","1","BF167"
 "BF168","2","CB133"
 "BF169","2","CB133"
 "CB132","2","CB133"
 "CB161","8","LA217"
 "CB161","8","LA218"
 "LA217","3","CB043"
 "LA218","3","CB043"
 "PA140","2","CB166"
 "PA140","2","CB169"
 "PA139","2","CB169"
 "PA139","2","CB166"
 "CB168","10","CB166"
 "CB168","10","CB169"
 "CB169","1","CB166"
 "CB169","3","PA160"
 "CB169","3","PC051"
 "CB169","3","OB006"
 "CB169","3","OB005"
 "CB169","3","DB013"
 "CB166","3","PA160"
 "CB166","3","PC051"
 "CB166","3","OB006"
 "CB166","3","OB005"
 "CB166","3","DB013"
 "LA023","2","RP085"
 "LA023","2","BA095"
 "BA014","1","BA008"
 "BA166","1","BA167"
 "LA228","7","CB169"
 "BD059","7","CB166"
 "LA228","7","CB166"
 "LA228","7","CB168"
 "LA228","3","CB167"
 "BD059","7","CB168"
 "LA226","2","DB155"
 "LA226","7","DB151"
 "LA226","7","DB154"
 "LA226","7","DB153"
 "LA226","7","DB156"
 "DB155","2","DB151"
 "DB155","2","DB154"
 "DB155","2","DB153"
 "DB155","2","DB156"
 "DB151","3","DB154"
 "DB151","3","DB153"
 "DB151","3","DB156"
 "CB150","1","CB151"
 "CB150","2","CB003"
 "CB151","2","CB003"
 "GP014","2","CB111"
 "CB150","7","CB111"
 "CB151","7","CB111"
 "CB150","2","GP014"
 "CB150","7","CB112"
 "CB151","2","GP014"
 "CB151","7","CB112"
 "GP014","2","CB112"
 "HC014","1","AC020"
 "HC014","1","BA040"
 "HC014","1","AC139"
 "HC009","3","HC010"
 "HC011","1","HC012"
 "LB005","3","GP210"
 "LB005","7","CB193"
 "GP210","8","LB005"
 "HC019","2","HC018"
 "HC054","2","HC018"
 "HC054","3","HC019"
 "HC023","1","HC024"
 "MW015","1","BA016"
 "BA019","2","MW015"
 "LA023","7","MW015"
 "GP027","7","MW015"
 "GB015","7","MW015"
 "BA094","7","MW015"
 "GP026","7","MW015"
 "AC012","7","MW015"
 "AC013","7","MW015"
 "LA024","7","MW015"
 "MW017","7","MW015"
 "MW018","7","MW015"
 "MW019","7","MW015"
 "MW017","7","BA018"
 "MW018","7","BA018"
 "MW019","7","BA018"
 "MW017","7","BA016"
 "MW018","7","BA016"
 "MW019","7","BA016"
 "MW017","2","BA019"
 "MW018","2","BA019"
 "MW019","2","BA019"
 "BA019","3","RP085"
 "BA019","3","BA095"
 "GP027","2","BA095"
 "GB015","2","BA095"
 "GP026","2","BA095"
 "MW017","2","BA095"
 "MW018","2","BA095"
 "MW019","2","BA095"
 "AC012","2","BA095"
 "AC013","2","BA095"
 "LA024","2","BA095"
 "GP027","2","RP085"
 "GB015","2","RP085"
 "GP026","2","RP085"
 "MW017","2","RP085"
 "MW018","2","RP085"
 "MW019","2","RP085"
 "AC012","2","RP085"
 "AC013","2","RP085"
 "LA024","2","RP085"
 "MW017","3","GB017"
 "MW017","3","GB016"
 "MW017","3","GB018"
 "MW017","3","AC010"
 "MW017","3","AC011"
 "MW017","1","MW018"
 "MW017","1","MW019"
 "MW017","1","LA023"
 "MW017","1","GP027"
 "MW017","1","GB015"
 "MW017","1","BA094"
 "MW017","1","GP026"
 "MW017","1","AC012"
 "MW017","1","AC013"
 "MW017","1","LA024"
 "MW018","3","GB016"
 "MW018","3","GB017"
 "MW018","3","GB018"
 "MW018","3","AC010"
 "MW018","3","AC011"
 "MW018","1","MW019"
 "MW018","1","LA023"
 "MW018","1","GP027"
 "MW018","1","GB015"
 "MW018","1","BA094"
 "MW018","1","GP026"
 "MW018","1","AC012"
 "MW018","1","AC013"
 "MW018","1","LA024"
 "MW019","3","GB017"
 "MW019","3","GB016"
 "MW019","3","GB018"
 "MW019","3","AC011"
 "MW019","3","AC010"
 "MW019","1","LA023"
 "MW019","1","GP027"
 "MW019","1","GB015"
 "MW019","1","BA094"
 "MW019","1","GP026"
 "MW019","1","AC012"
 "MW019","1","AC013"
 "MW019","1","LA024"
 "AC126","2","MW014"
 "LS121","2","LS122"
 "AC072","1","LS121"
 "AC072","2","LS122"
 "MW153","1","MW154"
 "MW154","1","MW152"
 "MW153","1","MW152"
 "BA182","8","BA016"
 "BA182","8","BA019"
 "BA183","8","BA016"
 "BA183","8","BA019"
 "BA184","8","BA016"
 "BA184","8","BA019"
 "BA185","8","BA016"
 "BA185","8","BA019"
 "BA186","8","BA016"
 "BA186","8","BA019"
 "GB075","8","BB002"
 "GB075","8","BB003"
 "GB075","8","LB005"
 "GB074","8","BB002"
 "GB074","8","BB003"
 "GB074","8","GB075"
 "PA190","1","PA191"
 "CB074","2","MW153"
 "CB074","2","MW154"
 "CB074","2","MW152"
 "CB077","2","MW152"
 "CB077","2","MW153"
 "CB077","2","MW154"
 "CB075","3","MW153"
 "CB075","3","MW154"
 "CB076","3","MW152"
 "CB076","3","MW153"
 "CB076","3","MW154"
 "CB095","3","MW152"
 "CB095","3","MW153"
 "CB095","3","MW154"
 "CB177","3","MW152"
 "CB177","3","MW153"
 "CB177","3","MW154"
 "MW152","3","PB081"
 "PB081","3","MW153"
 "PB081","3","MW154"
 "CB177","7","BB070"
 "BB070","7","PA157"
 "CB074","7","BB070"
 "CB077","7","BB070"
 "MW113","1","MW114"
 "LA184","7","BA145"
 "MW113","2","LA184"
 "MW114","2","LA184"
 "CB137","7","LA184"
 "CB135","7","LA184"
 "CB135","2","MW113"
 "CB137","2","MW113"
 "CB135","2","MW114"
 "CB137","2","MW114"
 "CB135","3","BB126"
 "CB135","3","CB134"
 "CB137","3","BB126"
 "BB126","2","CB122"
 "CB136","2","CB122"
 "CB134","2","CB122"
 "BB126","2","CB121"
 "CB136","2","CB121"
 "CB134","2","CB121"
 "BB126","2","CB123"
 "CB136","2","CB123"
 "CB134","2","CB123"
 "CB134","1","BB126"
 "CB136","1","BB126"
 "LB147","2","LB149"
 "LB147","7","LB117"
 "LB147","3","LB049"
 "LB149","2","LB117"
 "MW084","1","MW085"
 "GP155","1","MW084"
 "GP155","1","MW085"
 "OB136","1","OB137"
 "MW055","1","RP056"
 "MW055","3","RP002"
 "MW050","1","LA069"
 "MW050","1","MW049"
 "BF259","2","LS237"
 "BF260","2","LS237"
 "BF260","2","BF166"
 "LB155","2","LB107"
 "LB154","2","LB107"
 "LA285","3","LA076"
 "LA285","3","LB105"
 "LA285","3","LB107"
 "LA281","3","LA076"
 "LA281","3","LB105"
 "LA281","3","LB107"
 "LB154","2","LA281"
 "LB155","2","LA281"
 "LB155","2","LA285"
 "LB154","2","LA285"
 "CB154","7","LA285"
 "CB154","7","LA281"
 "CB154","7","LA279"
 "LB155","2","LA279"
 "LB154","2","LA279"
 "LA279","3","LA076"
 "LA279","3","LB107"
 "LA279","3","LB105"
 "LB155","2","LA280"
 "LB154","2","LA280"
 "CB154","7","LA280"
 "LA280","3","LA076"
 "LA280","3","LB107"
 "LA280","3","LB105"
 "LB154","3","LA049"
 "LB154","2","LA076"
 "LB154","2","LB105"
 "LB155","3","LA049"
 "LB155","2","LA076"
 "LB155","2","LB105"
 "LA076","3","LB107"
 "LA076","3","LB105"
 "HC070","1","BD074"
 "AC144","7","BA225"
 "AC144","7","BA226"
 "DB185","10","DB184"
 "BB191","8","PA184"
 "BB191","8","PA185"
 "GP240","2","DP116"
 "GP241","2","DP116"
 "MW134","1","MW135"
 "BB064","2","LS066"
 "BF056","2","LS066"
 "BB122","7","BA134"
 "BB122","7","PC094"
 "BB122","7","GB138"
 "BB122","7","PC073"
 "PC073","3","PC094"
 "PC073","2","BB121"
 "PC073","2","OB088"
 "PC073","2","DB169"
 "PC073","7","DB170"
 "GB138","3","PC094"
 "GB138","2","DB169"
 "GB138","2","OB088"
 "GB138","2","BB121"
 "GB138","7","BB119"
 "GB138","7","BB118"
 "GB138","7","BB120"
 "BA135","7","BB118"
 "PC073","7","BB118"
 "BA134","7","BB119"
 "BA135","7","BB119"
 "BA134","7","BB120"
 "BA135","7","BB120"
 "PC073","7","BB120"
 "MW060","10","LC022"
 "MW060","1","LC021"
 "LC021","10","LC022"
 "MW032","1","MW033"
 "MW033","2","MW066"
 "MW032","2","MW066"
 "MW080","1","LS097"
 "BB133","1","BB132"
 "BF097","1","BF098"
 "LC051","1","HC037"
 "LC051","1","HC036"
 "OB076","8","DP122"
 "OB076","8","BD064"
 "HC007","1","HC006"
 "AC077","1","AC079"
 "GB091","7","OB076"
 "OB053","7","OB076"
 "BF181","1","PC084"
 "BF184","7","GP215"
 "BF185","7","GP215"
 "BF185","2","BF038"
 "BF184","2","BF038"
 "PA177","3","BA182"
 "PA177","3","BA183"
 "PA177","3","BA184"
 "PA177","3","BA185"
 "PA177","3","BA186"
 "PA176","3","BA182"
 "PA176","3","BA183"
 "PA176","3","BA184"
 "PA176","3","BA185"
 "PA176","3","BA186"
 "BB100","2","CB128"
 "GB109","3","BB100"
 "GB109","3","BF133"
 "GB109","3","BF134"
 "LA013","3","GB109"
 "LA013","3","BB100"
 "BB100","3","BF133"
 "BB100","3","BF134"
 "MW127","3","MW170"
 "MW028","2","BF034"
 "MW028","2","PA029"
 "MW028","2","PA028"
 "MW028","3","GP051"
 "MW028","3","GP052"
 "GP052","2","RP034"
 "GP052","2","CB019"
 "PA028","7","DB059"
 "PA028","7","DB058"
 "PA028","7","GB066"
 "PA029","7","DB059"
 "PA029","7","DB058"
 "PA029","7","GB066"
 "BF034","7","DB058"
 "BF034","7","DB059"
 "BF034","7","GB066"
 "LB029","7","OB014"
 "LB030","7","OB014"
 "MW134","1","BB151"
 "BB151","1","MW135"
 "LA216","7","GP240"
 "LA215","7","GP240"
 "LA216","7","GP241"
 "LA215","7","GP241"
 "LA216","1","LA215"
 "BB204","2","BB205"
 "LA236","7","PA168"
 "BB104","1","GP167"
 "LA146","1","GP167"
 "BB105","1","LA158"
 "CB034","1","BD021"
 "CB035","1","CB034"
 "CB035","1","BB036"
 "CB035","1","BB037"
 "CB035","1","BD021"
 "CB034","1","BB036"
 "CB034","1","BB037"
 "BD021","1","BB036"
 "BD021","1","BB037"
 "BB124","1","BB125"
 "BB191","2","BB190"
 "BB102","1","BB101"
 "MW160","3","BB152"
 "MW160","3","GB197"
 "MW160","3","BB114"
 "BB113","2","MW160"
 "MW014","3","AC127"
 "MW014","3","AC129"
 "MW014","3","AC023"
 "AC126","3","LA105"
 "AC126","3","LA106"
 "AC084","3","LA108"
 "LC056","3","LA108"
 "HC045","2","HC044"
 "HC044","1","HC046"
 "HC045","2","HC046"
 "DP093","3","LS123"
 "DP093","3","GP165"
 "DP093","3","GP164"
 "GB137","2","BF148"
 "DP092","3","LS123"
 "DP092","3","GP164"
 "DP092","3","GP165"
 "DP092","8","BF148"
 "DP093","8","BF148"
 "LA049","2","LA299"
 "LA283","2","LA284"
 "LA283","2","LA282"
 "LB169","1","LB170"
 "LB169","1","LA302"
 "LB169","1","LA303"
 "LB169","8","LA304"
 "LB170","1","LA303"
 "LB170","1","LA302"
 "LB170","8","LA304"
 "LA303","8","LA304"
 "LA303","2","BB199"
 "LB170","2","BB199"
 "LB169","2","BB199"
 "LA302","2","BB199"
 "LA302","8","LA304"
 "BB199","7","BF069"
 "RP140","1","RP212"
 "RP142","1","RP212"
 "GP264","1","GP263"
 "MW171","2","OB131"
 "MW170","2","AC121"
 "MW171","2","AC121"
 "GB251","2","AC121"
 "AC121","1","OB131"
 "MW167","1","MW166"
 "MW167","1","MW168"
 "MW168","1","MW166"
 "AC132","1","MW166"
 "AC132","1","MW167"
 "AC132","1","MW168"
 "MW155","1","MW156"
 "LA266","8","CB188"
 "LA266","8","CB189"
 "GB212","3","CB075"
 "GB212","3","CB076"
 "RP121","1","BF157"
 "RP121","2","GP075"
 "RP121","2","RP120"
 "BF157","2","GP075"
 "YB051","1","YB050"
 "BF157","2","RP120"
 "RP120","3","GP075"
 "BA094","0","MW078"
 "MW078","1","BA095"
 "MW078","1","RP085"
 "MW078","3","BA019"
 "LA023","2","MW078"
 "LA024","2","MW078"
 "GP026","2","MW078"
 "GP027","2","MW078"
 "GB015","2","MW078"
 "MW017","2","MW078"
 "MW018","2","MW078"
 "MW019","2","MW078"
 "AC012","2","MW078"
 "AC013","2","MW078"
 "MW013","3","AC099"
 "MW011","2","AC099"
 "MW011","2","LA069"
 "MW011","3","BF134"
 "MW011","3","BF133"
 "BA149","1","AC099"
 "LA012","3","AC099"
 "LA013","4","AC099"
 "LA069","3","AC099"
 "BF131","2","MW139"
 "BA052","2","LS040"
 "BA053","2","LS040"
 "RP016","1","RP017"
 "RP018","2","RP016"
 "RP018","2","RP017"
 "RP019","2","RP016"
 "RP019","2","RP017"
 "RP018","1","RP019"
 "RP168","3","RP169"
 "RP168","3","RP166"
 "RP047","3","RP023"
 "CB126","2","DB108"
 "CB126","2","DB109"
 "CB127","2","DB108"
 "CB127","2","DB109"
 "CB127","7","GP191"
 "CB126","7","GP191"
 "DB109","2","GP191"
 "DB108","2","GP191"
 "CB204","7","BA057"
 "OB143","7","BA057"
 "CB204","7","OB030"
 "OB143","7","OB030"
 "BB168","10","PA157"
 "BB070","2","BB168"
 "BA215","3","BA136"
 "BA215","3","BA137"
 "BA216","3","BA136"
 "OB139","2","BA216"
 "OB082","2","BB117"
 "OB082","2","BB121"
 "OB082","8","BA136"
 "OB082","8","BA137"
 "OB139","2","BA215"
 "BA216","3","BA137"
 "GP260","10","OB120"
 "OB120","7","PC113"
 "CB203","3","GP090"
 "CB203","3","CB050"
 "CB203","3","CB204"
 "CB203","3","OB143"
 "GP045","2","BF214"
 "GP047","2","BF214"
 "GP048","2","BF214"
 "BF214","3","BF157"
 "BF214","3","GP037"
 "BF214","3","RP121"
 "BF214","3","GP046"
 "GP164","2","CB102"
 "GP165","2","CB102"
 "LS123","3","GP164"
 "LS123","3","GP165"
 "LA072","7","OB139"
 "LA073","7","OB139"
 "LA189","3","LA072"
 "LA189","3","LA073"
 "LA189","3","LA071"
 "LA189","3","BF095"
 "MW049","1","LA069"
 "MW050","3","BA149"
 "MW050","3","AC099"
 "MW050","3","MW013"
 "MW050","3","BA009"
 "MW050","3","LA012"
 "MW050","3","MW012"
 "MW011","2","MW050"
 "LA013","4","MW050"
 "MW049","3","BA149"
 "MW049","3","AC099"
 "MW049","3","MW013"
 "MW049","3","BA009"
 "MW049","3","LA012"
 "MW049","3","MW012"
 "MW011","2","MW049"
 "LA013","4","MW049"
 "MW127","3","MW171"
 "MW127","3","GB251"
 "MW171","2","MW169"
 "MW170","2","MW169"
 "GB251","2","MW169"
 "OB131","3","MW169"
 "MW169","3","AC121"
 "AC049","2","BB076"
 "AC049","2","BB077"
 "AC049","2","LS076"
 "AC049","2","LS077"
 "AC049","2","LC031"
 "AC049","2","LC032"
 "LA058","7","LA073"
 "LA058","7","LA072"
 "GP085","7","OB139"
 "LA242","8","BB080"
 "LA242","8","BB082"
 "MW073","1","BB080"
 "MW073","2","GP004"
 "MW073","2","GP003"
 "MW073","2","GP005"
 "MW073","2","GP006"
 "BA033","1","LA042"
 "BA034","10","LA042"
 "GP050","2","LA042"
 "BA033","2","MW113"
 "BA034","2","MW113"
 "BA042","2","MW113"
 "BA033","2","MW114"
 "BA034","2","MW114"
 "LA042","2","MW114"
 "BA004","2","GP219"
 "BA003","2","GP219"
 "BA003","2","GP217"
 "BA003","2","GP218"
 "BA004","2","GP217"
 "BA004","2","GP218"
 "BA204","1","BA202"
 "BA191","2","LA021"
 "BA191","2","BA193"
 "BA191","2","BA192"
 "GB215","7","LA019"
 "GB216","7","LA019"
 "BA191","2","LA019"
 "LA256","7","BA191"
 "BA191","8","LA021"
 "BA191","8","LA019"
 "GB216","7","BA192"
 "GB215","7","LA021"
 "GB216","7","LA021"
 "AP126","1","HC058"
 "AP126","1","HC059"
 "HC059","1","HC058"
 "HC070","1","HC069"
 "BA195","1","BA236"
 "BA196","1","BA236"
 "BA236","1","BA197"
 "BA069","2","BA217"
 "LA306","7","HC061"
 "LS230","1","LS231"
 "LS019","2","LS017"
 "GB138","2","BB117"
 "PC073","2","BB117"
 "BB117","8","PC094"
 "BB121","3","OB088"
 "PC073","7","BB119"
 "BB121","8","PC094"
 "BB122","7","OB088"
 "GP033","8","BA058"
 "GP033","8","BA059"
 "BA058","1","LS043"
 "BA059","2","LS043"
 "LA141","1","LA142"
 "LA141","1","LA144"
 "LA143","1","LA144"
 "LA143","1","LA142"
 "LA143","1","DB083"
 "GP210","2","LA196"
 "LA216","2","AC049"
 "LA215","2","AC049"
 "GP277","1","LB158"
 "YB017","1","YB016"
 "YB017","1","YB015"
 "YB016","1","YB015"
 "HC062","3","LA049"
 "HC062","3","LB154"
 "HC062","3","LB155"
 "LB154","3","LA209"
 "LB154","3","LA208"
 "CB154","2","LB154"
 "CB155","2","LB154"
 "CB156","2","LB154"
 "GP230","7","LB154"
 "GP231","7","LB154"
 "GP232","7","LB154"
 "GP233","7","LB154"
 "LB155","3","LA209"
 "LB155","3","LA208"
 "CB154","2","LB155"
 "CB155","2","LB155"
 "CB156","2","LB155"
 "GP230","7","LB155"
 "GP231","7","LB155"
 "GP232","7","LB155"
 "GP233","7","LB155"
 "CB154","7","LB105"
 "CB154","7","LB107"
 "CB154","7","LA076"
 "CB155","7","LA279"
 "CB155","7","LA281"
 "CB155","7","LA280"
 "CB155","7","LA285"
 "CB155","7","LB105"
 "CB155","7","LB107"
 "CB155","7","LA076"
 "CB156","7","LA279"
 "CB156","7","LA280"
 "CB156","7","LA281"
 "CB156","7","LA285"
 "CB156","7","LB105"
 "CB156","7","LB107"
 "CB156","7","LA076"
 "AC144","7","BA227"
 "AC143","7","BA225"
 "AC143","7","BA226"
 "AC143","7","BA227"
 "BA225","7","DB170"
 "BA226","7","DB170"
 "BA227","7","DB170"
 "LS108","1","LS106"
 "LS106","1","LS109"
 "LS106","1","LS110"
 "LS106","2","LS107"
 "LS107","7","BF256"
 "LS107","7","BF257"
 "LS109","2","LS107"
 "LS108","2","LS107"
 "LS110","2","LS107"
 "PC048","3","PC045"
 "BA223","7","PA200"
 "BA224","7","PA200"
 "BA223","7","LA309"
 "BA224","7","LA309"
 "BB094","7","PC045"
 "BB094","2","GB069"
 "BB094","2","LS106"
 "BB094","2","LS108"
 "BB094","2","LS110"
 "BF119","3","GB069"
 "BF119","3","LS108"
 "BF119","3","LS106"
 "BF119","3","LS109"
 "BF119","3","LS110"
 "GB069","3","LS106"
 "GB069","3","LS108"
 "GB069","3","LS109"
 "GB069","3","LS110"
 "OB014","8","BA101"
 "OB014","2","BA170"
 "GP180","2","GP179"
 "GP180","3","CB088"
 "CB088","2","GB102"
 "CB088","2","GB101"
 "LB029","3","GB168"
 "LB030","3","GB168"
 "BB114","3","LA172"
 "BB113","2","LA172"
 "AC124","2","BD059"
 "LA029","8","LS012"
 "LA029","8","LS013"
 "LS013","8","LS029"
 "BA022","3","BF162"
 "BD011","1","LC012"
 "BD012","1","LC012"
 "GP050","7","BA022"
 "GP050","7","BF162"
 "BF022","3","BA042"
 "GB011","7","BA042"
 "GB010","7","BA042"
 "GB074","3","GP260"
 "GB075","3","GP260"
 "BF162","8","GB205"
 "BA044","7","PA032"
 "BA044","3","BA041"
 "BB065","2","GB210"
 "BB065","8","LA085"
 "BB141","8","BF160"
 "BB140","8","BF160"
 "BB140","8","BF161"
 "BB141","8","BF161"
 "LA127","7","MW118"
 "GP285","2","GB246"
 "GP285","8","GB247"
 "LS239","8","GP286"
 "LA124","8","LA125"
 "LA124","7","LA125"
 "GB034","10","LA200"
 "YB027","1","YB029"
 "YB027","1","YB028"
 "YB029","1","YB028"
 "OB109","8","GP185"
 "GB213","3","GP133"
 "GB182","8","LA311"
 "GB182","8","LA312"
 "GB182","8","LA315"
 "GB182","8","LA319"
 "LA256","7","LA021"
 "LA256","7","LA020"
 "GB215","7","BA193"
 "GB215","7","BA192"
 "GB216","7","BA193"
 "BA191","3","BA119"
 "BA191","3","BA118"
 "BA191","3","GB019"
 "BA191","3","GB020"
 "BA118","3","GB019"
 "BA118","3","GB020"
 "GB019","3","BA119"
 "LS166","3","CB069"
 "LS166","3","LS208"
 "BB136","2","LS166"
 "BB136","2","LS208"
 "LS208","3","GP255"
 "LA242","2","GP008"
 "LA242","2","GP009"
 "LA242","2","GP010"
 "LA242","2","GP012"
 "AC102","3","GP008"
 "AC102","3","GP009"
 "AC102","3","GP010"
 "AC102","3","GP012"
 "GB171","3","BA182"
 "GB171","3","BA183"
 "GB171","3","BA184"
 "GB171","3","BA185"
 "GB171","3","BA186"
 "GB171","2","PA176"
 "GB171","2","PA177"
 "GB171","7","LA270"
 "GB171","7","CB109"
 "CB105","2","CB109"
 "BB132","7","BA016"
 "BB132","7","BA019"
 "BB132","7","MW015"
 "BB132","7","GB171"
 "BB132","7","BA182"
 "BB132","7","BA184"
 "BB132","7","BA186"
 "BB132","7","BA185"
 "BB133","7","GB171"
 "BB133","7","BA016"
 "BB133","7","BA019"
 "BB133","7","BA182"
 "BB133","7","BA184"
 "BB133","7","BA185"
 "BB133","7","BA186"
 "BB133","7","BA183"
 "BB132","7","BA183"
 "BB133","7","MW015"
 "DB122","2","PA014"
 "DB122","2","BF027"
 "BF178","2","PA014"
 "BF178","2","BF027"
 "CB106","2","CB109"
 "CB186","11","PB081"
 "CB186","2","GP265"
 "CB186","2","BF235"
 "DB173","1","DB172"
 "DB172","8","PC114"
 "DB173","8","PC114"
 "CB148","3","OB127"
 "CB149","3","OB127"
 "LS043","3","LS013"
 "LS246","8","BF060"
 "LS246","8","BF063"
 "CB042","8","LA008"
 "CB042","8","BF170"
 "CB041","8","LA008"
 "CB041","8","BF170"
 "LS008","3","LS166"
 "LS008","7","PA004"
 "LA262","2","LS008"
 "LS166","3","LA008"
 "LA262","2","LS166"
 "BB102","1","LC049"
 "LC050","1","BB102"
 "LC050","1","BB101"
 "GB020","3","BA119"
 "GP194","2","GP196"
 "GP195","2","GP196"
 "MW054","3","BB080"
 "MW054","3","BB082"
 "BB082","1","MW073"
 "PA062","3","BB081"
 "PA062","3","GB177"
 "PA062","3","BA153"
 "PA062","3","GB176"
 "BB081","3","BA153"
 "GB134","2","GB135"
 "BB081","3","GB176"
 "GB176","3","BA153"
 "GB177","3","BA153"
 "MW054","2","CB047"
 "RP080","1","CB083"
 "RP080","1","PB036"
 "RP081","1","CB083"
 "RP081","1","PB036"
 "PB036","5","HC047"
 "LC053","1","AC076"
 "BA125","3","GB113"
 "BF140","8","BA125"
 "BF140","8","GB113"
 "BF139","2","BA125"
 "BF139","8","BF140"
 "LA041","8","BB105"
 "BB027","8","LA158"
 "AC091","10","AC010"
 "AC091","10","GB018"
 "AC091","8","MW028"
 "AC091","2","BA141"
 "AC091","10","GB017"
 "AC091","2","BD049"
 "AC091","2","BD050"
 "BB023","8","OB010"
 "GP261","8","CB067"
 "GP177","3","BB111"
 "BF154","8","BF032"
 "GB023","8","OB010"
 "GB023","8","BB023"
 "GP268","2","LA259"
 "GP268","2","LA268"
 "LA195","8","BA149"
 "AC113","1","BD064"
 "GP253","1","BD064"
 "GP253","1","AC113"
 "OB113","2","BD064"
 "OB113","2","AC113"
 "OB113","2","GP253"
 "BB162","2","OB113"
 "BB164","2","OB113"
 "OB114","2","BD064"
 "OB114","2","AC113"
 "OB114","2","GP253"
 "BB162","2","OB114"
 "BB164","2","OB114"
 "LS206","8","LA195"
 "LS205","8","LA195"
 "GB208","3","LA294"
 "GB208","8","BB051"
 "GB208","8","BB052"
 "CB026","3","BF089"
 "CB026","8","BF221"
 "PA192","2","CB202"
 "OB143","7","CB202"
 "CB204","7","CB202"
 "OB143","2","PA192"
 "CB204","2","PA192"
 "CB204","3","CB050"
 "OB143","3","CB050"
 "GP290","3","CB050"
 "LS019","2","LS018"
 "LA076","8","LA078"
 "BA175","3","PB081"
 "BA175","3","CB075"
 "BA175","3","CB076"
 "LS201","3","CB075"
 "LS201","3","CB076"
 "LS200","3","PB081"
 "LS200","3","CB075"
 "LS200","3","CB076"
 "BD033","1","LS096"
 "CB114","2","PC064"
 "CB115","1","CB114"
 "CB115","2","PC064"
 "LA108","2","GB192"
 "LA207","1","GB192"
 "DB003","1","DB002"
 "BF001","7","DB003"
 "LS001","7","DB003"
 "LS001","7","DB002"
 "BF001","7","DB002"
 "BF002","2","LS001"
 "BF003","2","LS001"
 "BF002","2","BF001"
 "BF003","2","BF001"
 "BF003","3","LA020"
 "BF002","3","LA020"
 "BA042","2","BB031"
 "BA042","2","BB030"
 "BF273","7","LC045"
 "BF273","7","GP147"
 "BF274","7","GP147"
 "BF274","7","LC045"
 "GB246","7","GB085"
 "LA243","1","BB168"
 "CB106","7","CB102"
 "CB105","7","CB102"
 "BA041","8","BA044"
 "BA041","8","GP058"
 "GP058","8","BA044"
 "GP058","7","BA041"
 "BA041","8","GP222"
 "LS135","1","YB052"
 "LS135","1","YB051"
 "LS135","1","YB050"
 "LS136","1","YB050"
 "LS136","1","YB051"
 "LS136","1","YB052"
 "YB050","1","YB052"
 "YB051","1","YB052"
 "LA178","1","LA177"
 "AC077","2","BA126"
 "AC079","2","BA126"
 "GP176","2","AC077"
 "GP176","2","AC079"
 "AC030","3","AC077"
 "AC030","3","AC079"
 "BF158","3","MW118"
 "LA187","2","AC093"
 "DP083","1","DP081"
 "BB108","7","DP083"
 "BB108","7","DP081"
 "DP083","8","CB114"
 "DP083","8","CB115"
 "DP081","8","CB114"
 "DP081","8","CB115"
 "BF147","10","CB114"
 "BF147","10","CB115"
 "BF147","2","PC064"
 "RP052","1","RP051"
 "CB087","3","GP196"
 "GP148","3","GP196"
 "AC113","2","GP254"
 "BD064","2","GP254"
 "BD064","2","AC112"
 "GP253","2","AC112"
 "GP253","2","GP254"
 "LS029","2","LA143"
 "LA235","2","LA143"
 "LA141","3","LA237"
 "GB035","2","LA141"
 "LS029","2","LA141"
 "LA235","2","LA141"
 "DB083","1","LA144"
 "DB083","1","LA142"
 "BB165","7","PA052"
 "BB165","7","GB062"
 "BB165","7","LA259"
 "BB165","7","LA268"
 "PA052","3","LA259"
 "PA052","3","LA268"
 "PA052","3","LA005"
 "PA052","3","LA235"
 "PA052","3","GB035"
 "PA052","3","LS029"
 "BB164","7","BD064"
 "BB164","7","AC113"
 "BB164","7","GP253"
 "BB199","3","AC071"
 "BB199","8","PC053"
 "AC071","3","BF169"
 "PC053","8","BF169"
 "GP062","1","GP061"
 "DB027","3","CB167"
 "DB027","3","RP142"
 "DB027","3","RP140"
 "GB040","3","RP140"
 "GB040","3","GB198"
 "CB068","8","LB120"
 "BA045","3","CB167"
 "BA045","3","RP140"
 "BA045","3","RP142"
 "BA046","3","CB167"
 "BA046","3","RP140"
 "BA046","3","RP142"
 "AC024","3","RP140"
 "AC024","3","RP142"
 "AC024","3","CB167"
 "DB028","3","CB167"
 "DB028","3","RP140"
 "DB028","3","RP142"
 "GB040","3","RP212"
 "GB040","3","RP142"
 "GB040","3","BA153"
 "RP142","3","GB198"
 "RP212","7","LS167"
 "RP212","7","LS168"
 "RP212","7","LS169"
 "RP212","7","LS170"
 "RP212","7","BB138"
 "RP212","7","BF186"
 "RP212","3","CB167"
 "GB198","3","RP140"
 "RP212","3","BA045"
 "RP212","3","BA046"
 "RP212","3","AC024"
 "RP212","3","DB027"
 "RP212","3","AC093"
 "RP212","3","GB065"
 "RP212","3","GB064"
 "RP212","3","LA091"
 "LA092","2","RP212"
 "LS213","3","PC064"
 "BF069","7","LS232"
 "LA240","1","BA177"
 "LA240","1","BA178"
 "LA240","1","GP252"
 "LA240","8","PA112"
 "LA240","8","CB003"
 "BA177","8","CB003"
 "BA177","8","PA112"
 "BA178","8","PA112"
 "BA178","8","CB003"
 "GP252","8","CB003"
 "GP252","8","PA112"
 "PA112","8","CB003"
 "LB148","1","LB150"
 "GB159","2","GB160"
 "GB159","2","GB161"
 "DB124","3","BA153"
 "LA236","2","LA268"
 "BA153","3","RP212"
 "BA153","3","GB198"
 "BA153","3","BA045"
 "BA153","3","BA046"
 "BA153","3","AC024"
 "BA153","3","DB027"
 "BA153","3","DB028"
 "LA235","3","LA268"
 "LA235","3","LA259"
 "LA235","3","GB062"
 "LS029","3","LA268"
 "LS029","3","LA259"
 "LS029","3","GB062"
 "GB035","3","LA268"
 "GB035","3","LA259"
 "GB035","3","GB062"
 "GB207","2","LA268"
 "RP212","3","GB198"
 "GB198","3","BA045"
 "GB198","3","BA046"
 "GB198","3","AC024"
 "GB198","3","DB027"
 "GB198","3","DB028"
 "GB198","3","CB167"
 "CB167","3","GB040"
 "LA236","2","LA259"
 "BA134","7","GP217"
 "BA135","7","GP217"
 "GB138","7","GP217"
 "PC073","7","GP217"
 "BA134","7","GP218"
 "BA135","7","GP218"
 "GB138","7","GP218"
 "PC073","7","GP218"
 "BA134","7","GP219"
 "BA135","7","GP219"
 "GB138","7","GP219"
 "PC073","7","GP219"
 "LB077","1","LB078"
 "CB085","1","GB092"
 "CB086","1","GB092"
 "CB086","2","CB042"
 "CB085","2","CB042"
 "GB092","2","CB042"
 "GB092","2","CB041"
 "CB085","2","CB041"
 "CB086","2","CB041"
 "BB198","2","GB092"
 "BB122","8","BB130"
 "BF170","8","LA208"
 "BF170","8","LA209"
 "BF171","8","CB041"
 "BF171","8","CB042"
 "CB068","8","BF170"
 "BF170","2","LB120"
 "AP005","2","OB102"
 "AP005","2","OB101"
 "PA125","1","PA123"
 "PA132","1","OB088"
 "BA134","2","PA132"
 "PA132","3","BB117"
 "PA132","2","GP217"
 "PA132","2","GP218"
 "PA132","2","GP219"
 "BA135","2","PA132"
 "GB138","2","PA132"
 "PC073","2","PA132"
 "PA132","3","DB169"
 "PA132","3","BB121"
 "LA242","2","GP255"
 "AC102","3","GP255"
 "BB130","7","BA003"
 "BB130","7","BA004"
 "PA196","3","PA198"
 "GP033","2","LA029"
 "GP033","8","LS043"
 "GP032","8","BA022"
 "PA173","1","PA174"
 "LA017","2","PC006"
 "PC062","1","MW097"
 "PA164","0","GP148"
 "PA164","0","CB087"
 "PA164","2","GP196"
 "DP142","2","BB200"
 "AC034","2","AC055"
 "PA002","3","GB062"
 "PA002","3","LA259"
 "PA002","3","LA268"
 "GB062","3","LA259"
 "GB062","3","LA268"
 "PC070","1","BA129"
 "CB039","8","CB115"
 "PA197","7","LA305"
 "PA199","7","LA305"
 "GB224","2","LA077"
 "GB224","7","LA078"
 "GB174","2","GB155"
 "BB105","2","LC053"
 "BB105","2","AC076"
 "AC120","1","BB181"
 "BB180","1","BB181"
 "BB180","1","AC120"
 "AP078","10","CB103"
 "AP078","10","CB104"
 "OB034","2","GB211"
 "GP096","2","GB211"
 "GP095","2","GB211"
 "DB047","2","GB211"
 "GB211","3","DB046"
 "PA162","7","LS210"
 "PA162","7","LS211"
 "LS219","3","LS237"
 "LS237","3","LS220"
 "GP138","7","OB047"
 "GP138","7","OB048"
 "LA058","8","CB134"
 "LA058","8","CB135"
 "LA058","8","CB137"
 "LS067","2","BF188"
 "BF060","2","BF188"
 "BF063","2","BF188"
 "LS067","2","LS172"
 "BF060","2","LS172"
 "BF063","2","LS172"
 "LS067","2","LS173"
 "BF060","2","LS173"
 "BF063","2","LS173"
 "GP279","8","GP256"
 "GP011","7","LS083"
 "LA198","3","OB120"
 "PA049","1","CB059"
 "PA049","2","BF068"
 "PA049","2","BF070"
 "PA049","2","DB054"
 "PA050","1","PA049"
 "PA050","1","CB059"
 "PA050","2","BF068"
 "PA050","2","BF070"
 "PA050","2","DB054"
 "RP024","2","GP038"
 "RP025","2","GP038"
 "RP020","2","GP038"
 "RP020","2","GP040"
 "RP024","2","GP040"
 "RP025","2","GP040"
 "GP039","2","RP020"
 "GP039","2","RP024"
 "GP039","2","RP025"
 "LA036","7","GP036"
 "LA036","7","RP024"
 "LA036","7","RP025"
 "LA036","7","RP020"
 "RP020","2","GB022"
 "RP024","2","GB022"
 "RP025","2","GB022"
 "GP037","2","RP020"
 "RP020","2","GP042"
 "RP020","2","GB021"
 "RP193","3","LS008"
 "LS008","3","RP194"
 "LS008","3","RP195"
 "LC045","7","BF023"
 "BF272","8","LA300"
 "BF272","4","LC045"
 "BF272","4","GP147"
 "PA078","1","PA082"
 "PA078","1","PA081"
 "PA078","1","PA079"
 "PA079","1","PA082"
 "PA079","1","PA081"
 "PA081","1","PA082"
 "BB143","1","LC073"
 "BB143","1","LC074"
 "LC073","3","BF070"
 "LC073","8","LC072"
 "LC073","8","BA158"
 "LC074","3","BF070"
 "LC074","8","LC072"
 "LC074","8","BA158"
 "BB143","3","BF070"
 "BB143","8","LC072"
 "BB143","8","BA158"
 "BA158","8","BF070"
 "LC072","8","BF070"
 "RP100","7","LC045"
 "RP100","11","BF272"
 "BA228","10","AC143"
 "BA228","10","AC144"
 "BA228","7","BA225"
 "BA228","7","BA226"
 "BA228","7","BA227"
 "PA004","8","LC077"
 "BB162","7","GP253"
 "BB162","7","AC113"
 "BB162","7","BD064"
 "LA187","2","CB138"
 "LA187","2","GB153"
 "BB127","7","GB163"
 "BB127","7","LC061"
 "BB127","7","GB164"
 "AC093","1","CB138"
 "AC093","3","GB153"
 "MW156","3","MW152"
 "MW156","3","MW153"
 "MW156","3","MW154"
 "MW155","3","MW153"
 "MW155","3","MW152"
 "MW155","3","MW154"
 "PA184","3","BB130"
 "PA184","3","BB201"
 "PA184","3","CB211"
 "PA184","3","GP301"
 "PA185","3","BB130"
 "PA185","3","CB211"
 "PA185","3","GP301"
 "PA185","3","BB201"
 "LS239","8","CB088"
 "LS239","8","GB085"
 "MW003","8","MW055"
 "MW026","1","MW027"
 "OB099","2","HC062"
 "BA216","8","BA062"
 "BA216","8","BA063"
 "GB101","8","GP180"
 "GP180","8","GB102"
 "GP179","8","GB101"
 "GP179","8","GB102"
 "BA184","8","MW015"
 "BB132","7","BA018"
 "BB133","7","BA018"
 "BA018","8","BA182"
 "BA018","8","BA183"
 "BA018","8","BA184"
 "BA018","8","BA185"
 "BA018","8","BA186"
 "MW015","8","BA182"
 "MW015","8","BA183"
 "MW015","8","BA185"
 "MW015","8","BA186"
 "BB132","7","LC006"
 "BB133","7","LC006"
 "BB132","7","LC005"
 "BB133","7","LC005"
 "GP026","3","AC041"
 "AC041","3","LA023"
 "AC041","3","LA024"
 "AC041","3","GB015"
 "AC041","3","BA094"
 "AC041","3","GP027"
 "AC041","3","MW017"
 "AC041","3","MW018"
 "AC041","3","MW019"
 "AC041","3","AC012"
 "AC041","3","AC013"
 "AC010","3","AC041"
 "GB017","3","AC041"
 "GB018","3","AC041"
 "AC041","3","AC011"
 "AC041","3","GB016"
 "LA025","8","LC018"
 "LA025","8","LC019"
 "LA025","8","PA036"
 "LA025","8","PA037"
 "BB101","1","LC049"
 "LC042","1","PC044"
 "LC041","1","PC044"
 "BF160","2","BB125"
 "BF161","2","BB125"
 "BF160","2","BB124"
 "BF161","2","BB124"
 "OB113","7","GP254"
 "OB114","7","GP254"
 "OB113","7","AC112"
 "OB114","7","AC112"
 "LA097","2","GP260"
 "LA098","2","GB015"
 "LA098","2","MW017"
 "LA098","2","MW018"
 "LA098","2","MW019"
 "LA098","2","BA094"
 "LA098","2","GP026"
 "LA098","2","GP027"
 "LA098","2","AC012"
 "LA098","2","AC013"
 "LA098","2","LA023"
 "LA098","2","LA024"
 "LA098","2","GB010"
 "LA098","2","GB011"
 "LS232","8","LA096"
 "BA094","3","GB011"
 "GB010","3","GB015"
 "GB010","3","MW017"
 "GB010","3","MW018"
 "GB010","3","MW019"
 "GB010","3","BA094"
 "GB010","3","GP026"
 "GB010","3","GP027"
 "GB010","3","AC012"
 "GB010","3","AC013"
 "GB010","3","LA023"
 "GB010","3","LA024"
 "GB011","3","LA023"
 "GB011","3","LA024"
 "GB011","3","GP026"
 "GB011","3","GP027"
 "GB011","3","GB015"
 "GB011","3","BA094"
 "GB011","3","MW017"
 "GB011","3","MW018"
 "GB011","3","MW019"
 "GB011","3","AC012"
 "GB011","3","AC013"
 "BA057","8","BB168"
 "BA057","8","PA157"
 "BA057","8","LA243"
 "OB030","1","BA057"
 "OB030","8","BB168"
 "OB030","8","PA157"
 "OB030","8","LA243"
 "BB070","8","BA057"
 "BB070","8","OB030"
 "LA243","10","PA157"
 "GP046","2","DB047"
 "GP048","7","DB047"
 "GP047","7","DB047"
 "GP045","7","DB047"
 "OB035","2","GB211"
 "CB043","2","LA226"
 "LA226","3","CB044"
 "LA226","3","LA066"
 "LA070","2","LA279"
 "LA070","2","LA280"
 "LA070","2","LA281"
 "LA070","2","LA285"
 "LA144","1","LA142"
 "GB151","2","OB079"
 "GB151","3","BF216"
 "GB151","3","BF217"
 "GB151","3","BF218"
 "DB151","2","GB151"
 "DB151","7","OB079"
 "GB180","0","LA200"
 "GB118","7","OB019"
 "GB121","7","OB019"
 "OB019","8","GB119"
 "OB019","8","LA014"
 "OB019","8","LA015"
 "LA014","7","PA032"
 "LA015","7","PA032"
 "LA300","8","BF273"
 "LA300","8","BF274"
 "PC046","3","PC044"
 "CB047","2","AC023"
 "CB047","2","AC125"
 "CB047","2","AC127"
 "CB047","2","AC129"
 "CB047","2","AC130"
 "CB047","2","GB239"
 "CB047","2","GB240"
 "OB127","7","BB020"
 "BB020","8","BB184"
 "BB194","3","BF178"
 "BB194","3","DB122"
 "BB194","8","BB020"
 "BF224","2","LS245"
 "BF224","3","LS043"
 "BF224","3","BA058"
 "BA059","7","LS045"
 "LS043","2","LS044"
 "LS043","2","LS045"
 "LS043","2","LC017"
 "RP024","2","GB021"
 "RP025","2","GB021"
 "GB062","2","GB021"
 "PA052","2","GB021"
 "PA052","2","GP040"
 "PA052","2","GP038"
 "PA052","2","GP042"
 "PA052","2","GB022"
 "GB062","2","GP040"
 "GB062","2","GP038"
 "GB062","2","GP042"
 "GB062","2","GB022"
 "LA042","2","MW113"
 "GP260","7","BA190"
 "HC061","8","BA049"
 "HC061","8","BA050"
 "HC061","8","BA048"
 "RP084","1","PA074"
 "RP084","1","RP082"
 "RP084","1","RP083"
 "RP084","7","PC066"
 "LS094","8","PC066"
 "LS094","8","LS042"
 "PA074","7","PC066"
 "RP082","7","PC066"
 "RP083","7","PC066"
 "PC066","2","LS042"
 "PC093","3","CB051"
 "PC023","3","LS156"
 "CB104","2","PC056"
 "CB103","2","PC056"
 "AP078","2","PC056"
 "GB199","2","GB200"
 "GP290","2","PA192"
 "LS201","3","PB081"
 "BF021","0","BF195"
 "BF021","0","BF196"
 "BF259","2","BF166"
 "AP139","2","BF263"
 "BF263","8","BF221"
 "AP139","8","BF221"
 "BF278","2","BF277"
 "PT009","3","PT008"
 "GP222","2","BB141"
 "BB141","8","BA044"
 "BB140","8","BA044"
 "GP222","2","BB140"
 "GP222","3","BA044"
 "BF282","3","LA218"
 "BF282","3","LA217"
 "BF282","3","CB043"
 "BF281","10","BF282"
 "BA099","3","PC053"
 "LS156","3","PC024"
 "BA204","2","BA203"
 "BA202","2","BA203"
 "BF242","2","BA203"
 "BA202","1","BF242"
 "BA204","1","BF242"
 "GP046","7","GB211"
 "GP046","7","BA203"
 "GB211","3","BA203"
 "BA203","3","DB046"
 "BF142","1","BD046"
 "LB149","2","LB148"
 "LB147","7","LB148"
 "LB149","2","LB150"
 "LB147","7","LB150"
 "LB150","3","LB117"
 "MW085","2","GP156"
 "GB047","7","LS041"
 "DB040","1","GP081"
 "DB040","1","GP076"
 "DB040","1","GP077"
 "DB040","1","GP071"
 "DB040","2","GP286"
 "DB040","2","BD040"
 "DB040","2","GP082"
 "PA035","2","DB040"
 "AC029","2","DB040"
 "DB040","7","GP072"
 "DB040","7","GP078"
 "DB040","7","GP079"
 "DB040","7","GP080"
 "DB040","7","GP073"
 "DB040","3","GP075"
 "LA039","8","LA198"
 "BA222","1","PC128"
 "PA205","2","DB194"
 "PA203","2","DB194"
 "BB099","8","LS121"
 "BB099","8","AC072"
 "CB138","3","GB153"
 