"idx","name"
 "79","Huddlest"
 "123","Sheldon"
 "39","Conyers"
 "66","Gerard"
 "10","Bedingfield"
 "69","Haleslee"
 "62","Fortescu"
 "15","Blundelcr"
 "152","Tunstall"
 "3","Anne"
 "140","Tarleton"
 "30","Caryll"
 "74","Hesketh"
 "101","Moorefaw"
 "155","Vavasour"
 "162","Widdrington"
 "36","Collwood"
 "4","Arundel"
 "23","Brooke"
 "111","Plowden"
 "76","Hodgson"
 "153","Tyrwhit"
 "120","Roper"
 "132","Stapleton"
 "171","Wyvill"
 "83","Jernegan"
 "40","Conysock"
 "73","Herbert"
 "53","Eyre"
 "17","Boarman"
 "173","Mildmay"
 "6","Audley"
 "118","Radcliffe"
 "126","Smythe"
 "143","Tempestst"
 "9","Beaumont"
 "41","Copley"
 "166","Witham"
 "113","Pole"
 "14","Blountsd"
 "130","Stanley"
 "164","Windsor"
 "33","Clifford"
 "63","Fostsmit"
 "77","Hornyold"
 "129","Standish"
 "61","Fleetwd"
 "26","Bulstrode"
 "97","Messenger"
 "110","Petre"
 "127","Somerset"
 "149","Timperley"
 "20","Bourck"
 "122","Scarisbrick"
 "160","Westby"
 "57","Fermor"
 "51","Ecclesto"
 "90","Leveson"
 "105","Neville"
 "98","Meynell"
 "85","Kempecl"
 "37","Constbrt"
 "1","AnderEux"
 "47","Digby"
 "128","Southcot"
 "157","Waldegrave"
 "150","Trafford"
 "141","Tasburgh"
 "125","Smithcar"
 "11","Belasyse"
 "156","Wakeman"
 "112","Plumpton"
 "144","Thimelby"
 "52","Englefld"
 "13","Blountmd"
 "93","Mannock"
 "12","Berington"
 "31","Charlton"
 "109","Percy"
 "99","Middleton"
 "80","Hyde"
 "107","Paris"
 "124","Shelley"
 "131","Stanleydy"
 "154","Vaughan"
 "71","Hawkins"
 "106","Palmer"
 "146","Throgmorton"
 "25","Browne"
 "64","Gage"
 "70","Havers"
 "104","Mostyn"
 "165","Wiseman"
 "121","Salvin"
 "5","Aston"
 "29","Cary"
 "102","Morebarn"
 "91","Maire"
 "67","Giffchil"
 "78","Howard"
 "2","AnderLos"
 "32","Chicharl"
 "81","Ingelby"
 "8","Bartlett"
 "142","Tempestbr"
 "60","Fitzherb"
 "75","Hildsley"
 "135","Sulyard"
 "136","Swinburn"
 "94","Markham"
 "18","Bodenham"
 "28","Butraw"
 "115","Poulton"
 "58","Ferrers"
 "21","Bradshaig"
 "50","Draycott"
 "44","Crathorn"
 "55","Fairfax"
 "16","Blundelin"
 "169","Wright"
 "170","Wriothesley"
 "138","Talbot"
 "145","Thorold"
 "65","Gascoign"
 "86","Kennett"
 "148","Tichborne"
 "95","Massey"
 "134","Stourton"
 "56","Fenwick"
 "59","Fettiplc"
 "72","Heneage"
 "116","Prestonfr"
 "82","Jermyn"
 "88","Langdale"
 "159","Weld"
 "42","Corby"
 "174","Perkins"
 "137","Swincap"
 "35","Clopton"
 "161","Weston"
 "100","Molyneux"
 "27","Busby"
 "45","Crosland"
 "46","Darell"
 "119","Rookwood"
 "108","Paston"
 "163","Wigmore"
 "7","Babthorpe"
 "89","Lawsonbr"
 "147","Thwing"
 "117","Prestongm"
 "167","Wollascott"
 "54","Eyston"
 "49","Dormer"
 "43","Cox"
 "96","Masseypd"
 "158","Webbe"
 "151","Tremayne"
 "133","Stonor"
 "114","Poole"
 "103","Morgan"
 "84","Kempe"
 "87","Knatchbull"
 "19","Bond"
 "24","Brookmad"
 "34","Clifton"
 "92","Manners"
 "22","Brinkhurs"
 "68","Haggrstn"
 "139","Tancred"
 "38","Constevr"
 "168","Worthington"
 "48","Dolman"
 "172","Yate"
 