"refid","srcid","itemref"
 "1","1",""
 "2","2",""
 "3","3","1289"
 "4","3","827"
 "5","3","830"
 "6","3","831"
 "7","3","833"
 "8","3","834"
 "9","3","835"
 "10","3","836"
 "11","3","837"
 "12","3","838"
 "13","3","833-23"
 "14","4",""
 "15","4","(obits)"
 "16","5",""
 "17","6",""
 "18","7",""
 "19","7","35, 37"
 "20","8","101"
 "21","8","101-2"
 "22","8","102"
 "23","8","102, 198"
 "24","8","104"
 "25","8","105"
 "26","8","106-7"
 "27","8","107"
 "28","8","107, 110"
 "29","8","107, 201"
 "30","8","11"
 "32","8","115"
 "33","8","115-6"
 "34","8","117"
 "35","8","118"
 "36","8","119"
 "37","8","131, 200"
 "38","8","132"
 "39","8","132, 200"
 "40","8","132, 201"
 "41","8","133, 175-6, 200"
 "3865","97","191, 245"
 "43","8","16"
 "44","8","177, 198"
 "45","8","18"
 "46","8","19"
 "47","8","191"
 "48","8","193"
 "49","8","198"
 "50","8","199"
 "52","8","200"
 "53","8","201"
 "54","8","24"
 "55","8","27-30"
 "56","8","27-8"
 "57","8","44-5"
 "58","8","48, 51-2"
 "59","8","53-4"
 "60","8","54"
 "61","8","55, 189"
 "62","8","55, 94"
 "63","8","57"
 "64","8","57, 104-5"
 "65","8","58"
 "66","8","60, 102-3"
 "67","8","60, 175"
 "68","8","61"
 "69","8","61, 192"
 "70","8","65"
 "71","8","7, 143, 180"
 "73","8","78"
 "74","8","78-9"
 "75","8","79"
 "76","8","79, 102"
 "77","8","80"
 "78","8","83-4"
 "79","8","91, 113-4"
 "80","8","91, 94, 176"
 "81","8","94, 192"
 "82","8","95"
 "83","8","136-66"
 "84","8","30"
 "85","9",""
 "86","9","23 Aug 1707"
 "87","9","23 Jan 1708"
 "88","10",""
 "89","11",""
 "90","12",""
 "91","110",""
 "92","110","6-7"
 "3645","31","9, 22, 34-5"
 "94","15",""
 "95","16",""
 "96","16","1770"
 "97","17",""
 "98","18",""
 "99","19",""
 "100","20",""
 "101","20","109"
 "102","20","155"
 "103","20","155, 172"
 "104","20","159"
 "105","20","160"
 "106","20","172"
 "107","20","78, 160"
 "108","21",""
 "109","21","13"
 "110","21","17"
 "111","22",""
 "112","23",""
 "113","23","107"
 "114","23","108"
 "115","23","112"
 "116","24",""
 "117","24","Renten"
 "118","24","1632"
 "119","24","1642"
 "120","24","1642, 1738"
 "121","24","1652"
 "122","24","1680"
 "123","25","1624"
 "124","25","1626"
 "125","25","1627"
 "126","25","1629"
 "127","25","1630"
 "128","25","1639"
 "129","25","1640"
 "130","25","1651"
 "131","26",""
 "132","26","1599"
 "133","26","1616"
 "134","26","1652"
 "135","26","1773"
 "136","27","1650"
 "137","27","1672"
 "138","27","1724"
 "139","27","1729"
 "140","27","1747"
 "141","28","38, 56"
 "142","28","36-7"
 "143","29",""
 "144","31","100"
 "145","31","101"
 "146","31","101, 141"
 "147","31","101-2"
 "148","31","103, 123"
 "149","31","106"
 "150","31","106, 125"
 "151","31","107"
 "152","31","109"
 "153","31","110, 111"
 "154","31","117, 123"
 "155","31","22"
 "156","31","23, 29"
 "157","31","23, 52"
 "158","31","24"
 "159","31","25"
 "160","31","26"
 "161","31","26, 46"
 "162","31","26, 67"
 "163","31","28-9, 60"
 "164","31","31-3, 41-2"
 "165","31","31-4, 52-3"
 "166","31","33"
 "167","31","33, 73, 97-8"
 "168","31","33, 108"
 "169","31","33, 35-6, 37"
 "170","31","33, 35-8"
 "171","31","33, 56-80"
 "172","31","38"
 "173","31","38, 50"
 "174","31","40"
 "175","31","40-1, 78"
 "176","31","42"
 "177","31","42, 45"
 "178","31","42, 49"
 "179","31","42, 71"
 "180","31","42, 77"
 "181","31","43"
 "182","31","45"
 "183","31","45, 69-70"
 "184","31","46, 84"
 "185","31","47, 61, 90"
 "186","31","47, 65-6"
 "187","31","48"
 "188","31","48, 78"
 "189","31","49"
 "190","31","57, 81-95"
 "191","31","59"
 "192","31","59, 89"
 "193","31","60, 90"
 "194","31","61"
 "195","31","62"
 "196","31","62, 91"
 "197","31","63"
 "198","31","63, 73-5"
 "199","31","63, 96-7"
 "200","31","63, 100"
 "201","31","64"
 "202","31","64, 98"
 "203","31","65, 67"
 "204","31","67"
 "205","31","67, 98"
 "206","31","67-8"
 "207","31","68"
 "208","31","68, 96-104"
 "209","31","68, 102"
 "210","31","68-9"
 "211","31","69, 99"
 "212","31","71"
 "213","31","71, 100"
 "214","31","71, 107"
 "215","31","71, 107, 138"
 "216","31","76, 107"
 "217","31","77"
 "218","31","77, 84"
 "219","31","78"
 "220","31","83, 105-27, 135-9"
 "221","31","84"
 "222","31","84, 110"
 "223","31","86"
 "224","31","86, 100"
 "225","31","86, 107"
 "226","31","86, 98"
 "227","31","87"
 "228","31","87, 107"
 "229","31","9, 22, 34-5"
 "230","31","90"
 "231","31","91, 96"
 "232","31","94"
 "233","31","97"
 "234","31","98"
 "235","31","99"
 "236","31","108, 123"
 "237","31","6, 8, 10, 17-55"
 "238","31","108"
 "239","31","108, 122, 140-2"
 "240","31","108, 137"
 "241","31","108, 142"
 "242","31","135"
 "243","31","21"
 "244","31","23"
 "245","31","25, 29, 30, 31, 62"
 "246","31","30-1"
 "247","31","38-9"
 "248","31","6"
 "249","31","9"
 "250","31","9, 27"
 "251","31","9, 30"
 "252","31","9, 57"
 "254","30","19"
 "255","30","76"
 "256","30","77"
 "257","30","78"
 "258","30","54, App C p5"
 "259","30","54, App C p7"
 "260","30","22"
 "261","30","22, 78"
 "262","30","25"
 "263","30","41"
 "264","30","42"
 "265","30","43"
 "266","30","43, 46"
 "267","30","43, 54-5"
 "268","30","44"
 "269","30","46, 50"
 "270","30","78, 83"
 "271","30","79"
 "272","30","85"
 "273","30","48-67"
 "274","30","15, 39-42"
 "275","30","68-76"
 "276","32",""
 "277","33","I: 215"
 "278","33","I: 300"
 "279","33","II: 174"
 "280","34","336-7"
 "281","34","337-8"
 "282","34","338"
 "283","34","346"
 "284","34","347"
 "285","34","347-9"
 "286","34","368"
 "287","34","369-71"
 "288","34","371-2"
 "289","34","372-6"
 "290","34","387-93"
 "291","34","393"
 "292","34","394"
 "293","34","395"
 "294","34","396"
 "295","34","397"
 "296","34","397, 398"
 "297","34","398, 412"
 "298","34","398-9"
 "299","34","40"
 "300","34","400"
 "301","34","401"
 "302","34","401-2"
 "303","34","402"
 "304","34","402-4"
 "305","34","404"
 "306","34","404-5"
 "307","34","405"
 "308","34","406"
 "309","34","406-7"
 "310","34","407"
 "311","34","412-3"
 "312","35","118"
 "313","35","119"
 "314","35","141"
 "315","35","160"
 "316","35","161"
 "317","35","193"
 "318","35","63"
 "319","35","72"
 "320","35","86"
 "321","35","88"
 "322","35","89"
 "323","35","100"
 "324","35","102"
 "325","35","104"
 "326","35","105"
 "327","35","107"
 "328","35","109"
 "329","35","110"
 "330","35","112"
 "331","35","114"
 "332","35","115"
 "333","35","116"
 "334","35","120"
 "335","35","121"
 "336","35","122"
 "337","35","124"
 "338","35","125"
 "339","35","127"
 "340","35","131"
 "341","35","132"
 "342","35","135-6"
 "343","35","137"
 "344","35","138"
 "345","35","139"
 "346","35","140"
 "347","35","144"
 "348","35","145"
 "349","35","146"
 "350","35","147"
 "351","35","148"
 "352","35","149"
 "353","35","152"
 "354","35","153"
 "355","35","154"
 "356","35","155"
 "357","35","157"
 "358","35","158"
 "359","35","159"
 "360","35","162"
 "361","35","164"
 "362","35","165"
 "363","35","166"
 "364","35","169"
 "365","35","171"
 "366","35","172"
 "367","35","173"
 "368","35","174"
 "369","35","175"
 "370","35","176"
 "371","35","177"
 "372","35","178"
 "373","35","179"
 "374","35","181"
 "375","35","182"
 "376","35","183"
 "377","35","184"
 "378","35","185"
 "379","35","186"
 "380","35","188"
 "381","35","192"
 "382","35","61"
 "383","35","62"
 "384","35","64"
 "385","35","66"
 "386","35","67"
 "387","35","69"
 "388","35","70"
 "389","35","71"
 "390","35","73"
 "391","35","74"
 "392","35","75"
 "393","35","77"
 "394","35","78"
 "395","35","79"
 "396","35","80"
 "397","35","81"
 "398","35","82"
 "399","35","83"
 "400","35","85"
 "401","35","87"
 "402","35","76"
 "403","35","84"
 "404","36","100"
 "405","36","101"
 "406","36","102"
 "407","36","105"
 "408","36","106"
 "409","36","107"
 "410","36","108"
 "411","36","109"
 "412","36","16-17"
 "413","36","164"
 "414","36","165"
 "415","36","166"
 "416","36","167"
 "417","36","168"
 "418","36","169"
 "419","36","170"
 "420","36","171"
 "421","36","172"
 "422","36","173"
 "423","36","174"
 "424","36","175"
 "425","36","176"
 "426","36","177"
 "427","36","178"
 "428","36","179"
 "429","36","18"
 "430","36","18-19"
 "431","36","180"
 "432","36","181"
 "433","36","182"
 "434","36","184"
 "435","36","185"
 "436","36","186"
 "437","36","187"
 "438","36","188"
 "439","36","189"
 "440","36","190"
 "441","36","191"
 "442","36","192"
 "443","36","193"
 "444","36","194"
 "445","36","195"
 "446","36","197"
 "447","36","198"
 "448","36","20"
 "449","36","21"
 "450","36","23"
 "451","36","24"
 "452","36","25"
 "453","36","26"
 "454","36","27-8"
 "455","36","29"
 "456","36","30"
 "457","36","31"
 "458","36","32"
 "459","36","33"
 "460","36","34"
 "461","36","35-6"
 "462","36","37"
 "463","36","38-9"
 "464","36","40"
 "465","36","41"
 "466","36","42"
 "467","36","43"
 "468","36","44-5"
 "469","36","46"
 "470","36","47"
 "471","36","48"
 "472","36","49"
 "473","36","50-1"
 "474","36","52-3"
 "475","36","54"
 "476","36","55"
 "477","36","56"
 "478","36","57"
 "479","36","58"
 "480","36","59"
 "481","36","60"
 "482","36","61"
 "483","36","62"
 "484","36","63"
 "485","36","64"
 "486","36","65"
 "487","36","66"
 "488","36","67"
 "489","36","68"
 "490","36","69"
 "491","36","70"
 "492","36","71"
 "493","36","72"
 "494","36","73"
 "495","36","74"
 "496","36","75"
 "497","36","76"
 "498","36","77"
 "499","36","78"
 "500","36","79"
 "501","36","80-1"
 "502","36","82"
 "503","36","83"
 "504","36","84"
 "505","36","85"
 "506","36","86"
 "507","36","87"
 "508","36","89"
 "509","36","90"
 "510","36","91"
 "511","36","92"
 "512","36","93"
 "513","36","94-5"
 "514","36","96"
 "515","36","97"
 "516","36","98"
 "517","36","99"
 "518","37","1"
 "519","37","10"
 "520","37","100"
 "521","37","101-2"
 "522","37","102-3"
 "523","37","103-4"
 "524","37","104-6"
 "525","37","106-7"
 "526","37","107-10"
 "527","37","11"
 "528","37","110-12"
 "529","37","111-12"
 "530","37","112"
 "531","37","113"
 "532","37","113-14"
 "533","37","114"
 "534","37","114-15"
 "535","37","115"
 "536","37","115-16"
 "537","37","116"
 "538","37","116-17"
 "539","37","117"
 "540","37","117-18"
 "541","37","118"
 "542","37","119"
 "543","37","119-20"
 "544","37","12-18"
 "545","37","120"
 "546","37","120-1"
 "547","37","121"
 "548","37","122"
 "549","37","122-3"
 "550","37","123"
 "551","37","124"
 "552","37","124-31"
 "553","37","131-2"
 "554","37","133"
 "555","37","133-5"
 "556","37","135-42"
 "557","37","143-4"
 "558","37","144"
 "559","37","144-5"
 "560","37","145"
 "561","37","146"
 "562","37","147"
 "563","37","148"
 "564","37","148-9"
 "565","37","149-50"
 "566","37","150"
 "567","37","151"
 "568","37","151-5"
 "569","37","155"
 "570","37","155b"
 "571","37","155b-70"
 "572","37","170"
 "573","37","171"
 "574","37","172"
 "575","37","173"
 "576","37","174"
 "577","37","175"
 "578","37","176-80"
 "579","37","181-3"
 "580","37","183-90"
 "581","37","19"
 "582","37","190-2"
 "583","37","192-5"
 "584","37","195-7"
 "585","37","197-9"
 "586","37","199-202"
 "587","37","2"
 "588","37","20"
 "589","37","202-7"
 "590","37","207-10"
 "591","37","211-12"
 "592","37","212-15"
 "593","37","215-17"
 "594","37","218-19"
 "595","37","222-3"
 "596","37","243-8"
 "597","37","250-2"
 "598","37","252-6"
 "599","37","257-9"
 "600","37","259-62"
 "601","37","263-4"
 "602","37","27"
 "603","37","28"
 "604","37","29"
 "605","37","3-5"
 "606","37","30"
 "607","37","31"
 "608","37","32"
 "609","37","33"
 "610","37","34-8"
 "611","37","38"
 "612","37","39"
 "613","37","40-3"
 "614","37","43"
 "615","37","44"
 "616","37","45"
 "617","37","46"
 "618","37","47"
 "619","37","5"
 "620","37","51-2"
 "621","37","53-4"
 "622","37","54"
 "623","37","55"
 "624","37","56"
 "625","37","6"
 "626","37","60"
 "627","37","60-2"
 "628","37","69-70"
 "629","37","7"
 "630","37","70"
 "631","37","70-1"
 "632","37","72-3"
 "633","37","73"
 "634","37","74"
 "635","37","75-6"
 "636","37","76-9"
 "637","37","79"
 "638","37","79-80"
 "639","37","8"
 "640","37","71"
 "641","37","80"
 "642","37","80-1"
 "643","37","81"
 "644","37","81-2"
 "645","37","82"
 "646","37","83-91"
 "647","37","91"
 "648","37","91-2"
 "649","37","92"
 "650","37","95"
 "651","37","95-6"
 "652","37","96"
 "653","37","96-7"
 "654","37","97"
 "655","37","98"
 "656","37","99"
 "657","38",""
 "658","39",""
 "659","40",""
 "660","41",""
 "661","42",""
 "662","42","card index"
 "663","43",""
 "664","44",""
 "665","45",""
 "666","45","with note: addition "
 "3863","96","78, 81-6, 88-90, 92-7, 103, 109, 111"
 "668","46",""
 "669","110","33"
 "670","48",""
 "671","35","156"
 "672","35","170"
 "673","49","92"
 "674","49","15-16"
 "675","49","16-18"
 "676","49","18-19"
 "677","49","19-20"
 "678","49","20-1"
 "679","49","21-2"
 "680","49","22"
 "681","49","24-5, 63, 65"
 "682","49","22-4"
 "683","49","24, 63-4, 65, 66"
 "684","49","25-8"
 "685","49","28-30"
 "686","49","29-30"
 "687","49","3-4"
 "688","49","30-3"
 "689","49","33"
 "690","49","33-4"
 "691","49","34-6"
 "692","49","36-7"
 "693","49","41-2"
 "694","49","46-50"
 "695","49","53-4"
 "696","49","54-6"
 "697","49","56-7"
 "698","49","57-8"
 "699","49","67-9"
 "700","49","69-72"
 "701","49","80"
 "702","49","81-2"
 "703","49","82-3"
 "704","49","83-4"
 "705","49","84-5"
 "706","49","85-6"
 "707","49","86-8"
 "708","49","88"
 "709","49","88-9"
 "710","49","89"
 "711","49","89-90"
 "712","49","90"
 "713","49","91"
 "714","49","91-2"
 "715","49","65-7"
 "716","49","13-14"
 "717","49","14-15"
 "718","49","37-40"
 "719","49","4-13"
 "720","49","43-6"
 "721","49","50-3"
 "722","49","58-63"
 "723","49","72-80"
 "724","34","335"
 "725","34","335-6"
 "726","34","338-9"
 "727","34","339-46"
 "728","34","349"
 "729","34","350-63"
 "730","34","363-5"
 "731","34","365-8"
 "732","34","376-87"
 "733","34","398"
 "734","50",""
 "735","51",""
 "736","37","118-19"
 "737","37","20-6"
 "738","37","47-51"
 "739","37","57-60"
 "740","37","62-3"
 "741","37","64-6"
 "742","37","67-9"
 "743","37","9-10"
 "744","37","92-3"
 "745","37","93-5"
 "746","52",""
 "747","53",""
 "748","54",""
 "749","55",""
 "750","36","104"
 "751","36","11"
 "752","36","110"
 "753","36","12"
 "754","36","13-14"
 "755","36","196"
 "756","36","4"
 "757","36","6-7"
 "758","36","7-8"
 "759","36","88"
 "760","36","9-10"
 "761","36","1-2"
 "762","56",""
 "763","56","1630"
 "764","57",""
 "765","58","1611"
 "766","58","1669"
 "767","58","1600"
 "768","58","1617"
 "769","58","1624"
 "770","58","1627"
 "771","58","1650-1652"
 "772","58","1651"
 "773","58","1659"
 "774","58","1661"
 "775","58","1662"
 "776","58","1664"
 "777","58","1730"
 "778","58","1794"
 "779","58","1671"
 "780","58","18"
 "781","58","20"
 "782","58","21"
 "783","58","22"
 "784","58","23"
 "785","58","27"
 "786","58","28"
 "787","58","31"
 "788","58","32"
 "789","58","32, 33"
 "790","58","33"
 "791","58","34, 36"
 "792","58","35"
 "793","58","37, 38"
 "794","58","42"
 "795","58","45"
 "796","58","46"
 "797","58","47"
 "798","58","49"
 "799","58","50"
 "800","58","53"
 "801","58","54"
 "802","58","55"
 "803","58","56"
 "804","58","68"
 "805","58","69"
 "806","58","70"
 "807","58","74"
 "808","58","79, 80"
 "809","58","80, 81"
 "810","58","82, 83"
 "811","58","82, 84"
 "812","58","83"
 "813","58","92"
 "814","58","93"
 "815","58","94"
 "816","59","197"
 "817","59","198"
 "818","59","199"
 "819","59","200"
 "820","59","201"
 "821","59","202"
 "822","73","54, 61, 64, 65"
 "823","73","14"
 "824","73","14, 18"
 "825","73","15"
 "826","73","15, 16"
 "827","73","15, 18-19"
 "828","73","15, 32-3"
 "829","73","15, 40, 158"
 "830","73","15, 41"
 "831","73","15, 43"
 "832","73","16"
 "833","73","16-17, 18"
 "834","73","16, 18"
 "835","73","16, 35"
 "836","73","18"
 "837","73","18, 20"
 "838","73","18, 24"
 "839","73","18, 33"
 "840","73","18, 35"
 "841","73","19"
 "842","73","19-20"
 "843","73","20"
 "844","73","20, 23"
 "845","73","20, 29"
 "846","73","21"
 "847","73","21, 50, 54"
 "848","73","23"
 "849","73","23, 33"
 "850","73","24"
 "851","73","24, 35, 37"
 "852","73","24, 47"
 "853","73","30"
 "854","73","32"
 "855","73","33"
 "856","73","33, 41"
 "857","73","33, 50"
 "858","73","33, 50-1"
 "859","73","33, 54"
 "860","73","33-4, 35"
 "861","73","35, 39"
 "862","73","37, 50"
 "863","73","37"
 "864","73","38"
 "865","73","40"
 "866","73","40, 43"
 "867","73","40, 48"
 "868","73","41"
 "869","73","42"
 "870","73","43"
 "871","73","43, 50, 60"
 "872","73","44, 52-3"
 "873","73","44, 55, 60"
 "874","73","47, 54"
 "875","73","47, 55, 60"
 "876","73","47, 60"
 "877","73","48"
 "878","73","48, 50, 56"
 "879","73","50, 54"
 "880","73","50"
 "881","73","54"
 "882","73","54, 56"
 "883","73","54, 60, 61"
 "884","73","55"
 "885","73","55, 64"
 "886","73","56, 66"
 "887","73","57"
 "888","73","57, 62"
 "889","73","57, 64"
 "890","73","57, 65"
 "891","73","57-8, 61"
 "892","73","59"
 "893","73","59, 64"
 "894","73","60, 62"
 "895","73","60, 64"
 "896","73","60, 65"
 "897","73","60, 77"
 "898","73","61"
 "899","73","61, 62"
 "900","73","61, 62, 64"
 "901","73","61, 65, 67-9"
 "902","73","61, 66, 92"
 "903","73","61, 72"
 "904","73","61, 77"
 "905","73","61, 92"
 "906","73","62"
 "907","73","64, 67"
 "908","73","64, 71, 90"
 "909","73","64, 78"
 "910","73","64, 81, 89, 91, 97, 98"
 "911","73","64, 91, 97"
 "912","73","64"
 "913","73","66"
 "914","73","66, 67"
 "915","73","66, 80"
 "916","73","66, 91"
 "917","73","66, 96, 99"
 "918","73","67, 84-5"
 "919","73","67, 90"
 "920","73","67"
 "921","73","7, 43"
 "922","73","71"
 "923","73","71, 72"
 "924","73","72"
 "925","73","73, 81, 85, 90"
 "926","73","73, 84"
 "927","73","73"
 "928","73","77"
 "929","73","78, 83"
 "930","73","92, 96, 98-9"
 "931","73","96-7"
 "932","73","15, 39, 41"
 "933","73","15, 39, 41, 45"
 "934","73","15, 39, 42"
 "935","73","18, 39, 47"
 "936","73","18, 40, 41, 45, 46"
 "937","73","19, 31, 37"
 "938","73","23, 39, 40"
 "939","73","24, 32, 40, 47, 50, 53"
 "940","73","24, 38-9, 47"
 "941","73","24, 39, 41"
 "942","73","24, 39, 43, 55-6"
 "943","73","24, 39"
 "944","73","26, 29, 30, 31, 34, 44, 47, 48"
 "945","73","33, 39"
 "946","73","34, 39, 44, 50"
 "947","73","37, 39"
 "948","73","37, 39, 41, 50"
 "949","73","38, 39, 56"
 "950","73","39, 44"
 "951","73","47"
 "952","73","15, 32"
 "953","73","18, 41, 42, 45"
 "954","73","18, 42"
 "955","73","18, 46, 57"
 "956","73","24, 38, 48"
 "957","73","52"
 "958","73","7, 15"
 "959","73","8, 30, 35"
 "960","60","14"
 "961","60","10"
 "962","60","11"
 "963","60","12"
 "964","60","13"
 "965","60","15"
 "966","60","16"
 "967","60","17"
 "968","60","18"
 "969","60","19"
 "970","60","2"
 "971","60","20"
 "972","60","21"
 "973","60","22"
 "974","60","23"
 "975","60","24"
 "976","60","25"
 "977","60","26"
 "978","60","27"
 "979","60","28"
 "980","60","29"
 "981","60","3"
 "982","60","30"
 "983","60","4"
 "984","60","5"
 "985","60","6"
 "986","60","7"
 "987","60","7, 12"
 "988","60","8"
 "989","60","9"
 "990","61",""
 "991","35","163"
 "992","35","117"
 "993","35","129"
 "994","35","142-3"
 "995","35","101"
 "996","35","103"
 "997","35","108"
 "998","35","111"
 "999","35","113"
 "1000","35","123"
 "1001","35","126"
 "1002","35","128"
 "1003","35","130"
 "1004","35","150"
 "1005","35","65"
 "1006","62",""
 "1007","63",""
 "1008","64",""
 "1009","65",""
 "1010","65","1622"
 "1011","66","58"
 "1012","67",""
 "1013","67","20, 58"
 "1014","67","24"
 "1015","67","26"
 "1016","67","28"
 "1017","67","29"
 "1018","67","30"
 "1019","67","35"
 "1020","67","36"
 "1021","67","37"
 "1022","67","39"
 "1023","67","41"
 "1024","67","42"
 "1025","67","43"
 "1026","67","44"
 "1027","67","45"
 "1028","67","46"
 "1029","67","47"
 "1030","67","48"
 "1031","67","50"
 "1032","67","52"
 "1033","67","53"
 "1034","67","54"
 "1035","67","55"
 "1036","67","56"
 "1037","67","57"
 "1038","68","802-803"
 "1039","69","212"
 "1040","70","198-199"
 "1041","71","1, 8, 10, 13, 17, 24, 190, 355"
 "1042","71","1, 7, 10-11"
 "1043","71","1, 8, 9, 11-14, 190"
 "1044","71","8, 10"
 "1045","71","8, 15, 33"
 "1046","71","12, 13, 15, 17-22, 24-9, 190"
 "1047","72","11, 12, 35"
 "1048","72","11, 12, 41"
 "1049","72","11, 20"
 "1050","72","14, 24, 27, 35, 38, 41"
 "1051","72","14, 15, 18"
 "1052","72","14, 41"
 "1053","72","155, 227"
 "1054","72","19, 47"
 "1055","72","20, 52"
 "1056","72","21"
 "1057","72","21, 22, 38"
 "1058","72","22, 43"
 "1059","72","25, 26, 35"
 "1060","72","25, 26, 39"
 "1062","72","26-7"
 "1063","72","32, 33, 48"
 "1064","72","34, 71"
 "1065","72","36, 37, 48, 49, 50, 51, 52, 58, 61"
 "1066","72","37, 38, 48, 51"
 "1067","72","37, 38, 51, 58"
 "1068","72","37, 38, 61"
 "1069","72","39, 40, 58"
 "1070","72","42, 43"
 "1071","72","42, 69"
 "1072","72","42, 71"
 "1073","72","43, 75"
 "1074","72","44, 45, 163-4"
 "1075","72","46, 47, 160"
 "1076","72","46, 47, 173"
 "1077","72","46, 47, 180"
 "1078","72","46, 63"
 "1079","72","47, 56, 61, 62, 65"
 "1080","72","48, 160"
 "1081","72","49, 50, 173"
 "1082","72","5, 7, 28"
 "1083","72","5, 7, 33"
 "1084","72","50, 51, 52, 170"
 "1085","72","52, 53, 181"
 "1086","72","53, 54, 236"
 "1087","72","58-60, 67, 235"
 "1088","72","67-8, 79"
 "1089","72","69, 72, 173, 175, 178, 180, 236, 240, 247, 250, 256"
 "1090","72","69, 74, 178, 180, 236, 240, 247, 250, 253, 257, 261, 280"
 "1091","72","7, 11"
 "1092","72","7, 15, 22, 23-4"
 "1093","72","7, 8, 22"
 "1094","72","7, 8, 25"
 "1095","72","70, 107, 167"
 "1096","72","70, 160"
 "1097","72","70, 71, 237"
 "1098","72","8, 40"
 "1099","72","80-2, 162"
 "1100","72","80-2, 179"
 "1101","72","87"
 "1102","72","9, 10, 20, 22, 27, 31-2, 35, 41, 47, 67"
 "1103","72","9, 10, 40"
 "1104","72","9, 24"
 "1105","72","9, 10, 21"
 "1106","74","80, 85, 92"
 "1107","74","10, 11, 14"
 "1110","74","102, 108, 146"
 "1113","74","106, 110, 111"
 "1115","74","11, 12, 30-1, 55, 56, 70"
 "1116","74","11, 17, 33"
 "1119","74","110-11, 130, 137, 143"
 "1120","74","110-11"
 "1121","74","111, 116, 15, 157, 162, 188"
 "1122","74","111, 133, 139-40, 153"
 "1124","74","119, 126, 134, 151-2, 157, 162, 171, 176, 180, 184, 188"
 "1126","74","126"
 "1127","74","130, 132"
 "1130","74","138"
 "1131","74","139, 143"
 "1132","74","139, 146"
 "1133","74","14, 16, 23-4, 79"
 "1134","74","151, 152"
 "1135","74","152"
 "1136","74","147, 151"
 "1137","74","15, 16"
 "1138","74","15, 16, 23, 29, 47"
 "1140","74","154, 157"
 "1141","74","154, 158"
 "1143","74","158"
 "1145","74","158-9, 163"
 "1147","74","164, 169, 171, 174"
 "1149","74","169"
 "1151","74","17, 18"
 "1152","74","174"
 "1153","74","176, 177"
 "1154","74","177"
 "1155","74","177, 180, 188, 351"
 "1156","74","18, 20, 29, 365"
 "1157","74","18, 20, 40"
 "1158","74","181"
 "1159","74","185"
 "1160","74","185, 186"
 "1161","74","185-6"
 "1162","74","186"
 "1163","74","19, 20, 21, 23, 31"
 "1164","74","19, 20, 29, 30, 58-9, 191"
 "1165","74","20, 21, 29-30, 43-4, 50, 56, 59, 62, 67, 70, 75"
 "1166","74","20, 21, 35, 44"
 "1167","74","20, 21, 42"
 "1168","74","20, 22, 44-5"
 "1170","74","24"
 "1171","74","24, 25"
 "1172","74","24, 25, 50, 56, 59, 62, 67, 70, 75, 79, 84, 88, 209"
 "1173","74","25, 32, 40, 56, 62-3, 70, 79, 88"
 "1174","74","25-6, 32, 47"
 "1175","74","27, 28"
 "1176","74","27, 28, 34, 45-6, 63"
 "1177","74","27, 28, 40, 44, 46, 257"
 "1178","74","28"
 "1179","74","34"
 "1180","74","36-8, 40, 55, 59, 63, 73, 75, 79, 82, 84, 88, 205-9"
 "1181","74","37-8, 50, 56, 59, 197, 199, 200, 240-1, 256"
 "1182","74","38"
 "1184","74","42"
 "1185","74","42, 49, 56, 62, 70, 72, 75"
 "1186","74","47"
 "1189","74","49, 50, 56, 59, 63, 79, 84, 207, 210, 211, 212, 213, 214"
 "1190","74","50, 53-4, 88, 102"
 "1191","74","51, 54, 59, 75, 84, 89, 92"
 "1192","74","52"
 "1194","74","58"
 "1196","74","60"
 "1197","74","60, 62, 146"
 "1198","74","60-1, 63, 79"
 "3862","96","7, 14, 16"
 "1200","74","61, 64, 65, 66, 68"
 "1201","74","63, 64"
 "1202","74","74, 75"
 "1203","74","74, 75, 76"
 "1205","74","76, 77"
 "1208","74","76, 79, 89, 105, 110, 162, 195, 159, 216, 217, 224-5"
 "1209","74","76-7, 82"
 "1210","74","78, 79, 80"
 "1211","74","80, 85, 100, 105, 110, 115, 119, 124, 130, 137, 143, 151"
 "1212","74","88"
 "1213","74","91, 92, 100, 110, 116, 119, 130, 143, 151, 157, 162, 168, 17"
 "1215","74","97, 98, 411"
 "1217","74","11, 16"
 "1218","75",""
 "1219","75","17"
 "1220","75","11"
 "1221","75","7"
 "1222","76","162-210"
 "1223","76","211"
 "1224","76","211-13"
 "1225","76","213-24"
 "1226","76","227-8"
 "1227","76","228"
 "1228","76","235-41"
 "1229","76","241-2"
 "1230","76","242-56"
 "1231","76","256-8"
 "1232","76","258-68"
 "1233","76","284-7"
 "1234","76","287-97"
 "1235","76","298-317"
 "1236","76","317-21"
 "1237","76","322-4"
 "1238","76","325-8"
 "1239","76","329-30"
 "1240","76","334-7"
 "1241","76","336-7"
 "1242","76","338"
 "1243","76","339-48"
 "1244","76","349-52"
 "1245","76","353-4"
 "1246","76","354-6"
 "1247","76","356-7"
 "1248","76","358-63"
 "1249","76","364-74"
 "1250","76","406"
 "1251","76","407-10"
 "1252","76","410-12"
 "1253","76","413"
 "1254","76","416-18"
 "1255","76","419-22"
 "1256","76","422-3"
 "1257","76","424-5"
 "1258","76","426-7"
 "1259","76","428-32"
 "1260","76","433"
 "1261","76","433-4"
 "1262","76","436-7"
 "1263","76","437-56"
 "1264","76","457-9"
 "1265","76","460-85"
 "1266","76","488-91"
 "1267","76","491-2"
 "1268","76","499-501"
 "1269","76","502"
 "1270","76","506-8"
 "1271","76","493-8, 516"
 "1272","76","519-26"
 "1273","76","52"
 "1274","76","527-9"
 "1275","76","530-1"
 "1276","76","534-59"
 "1277","76","560-1"
 "1278","76","562-3"
 "1279","76","577-8"
 "1280","76","579-81"
 "1281","76","582-3"
 "1282","76","583-5"
 "1283","76","585-7"
 "1284","76","587-91"
 "1285","76","600-6"
 "1286","76","631-7"
 "1287","76","638-40"
 "1288","76","642-3"
 "1289","76","643-8"
 "1290","76","648-51"
 "1291","76","651-4"
 "1292","76","654"
 "1293","76","654-5"
 "1294","77","113"
 "1295","77","113, 114"
 "1296","77","113, 115-7"
 "1297","77","113, 117-8"
 "1298","77","113, 119"
 "1299","77","119"
 "1300","77","124"
 "1301","77","125, 272"
 "1302","77","127"
 "1303","77","134"
 "1304","77","135"
 "1305","77","136"
 "1306","77","137"
 "1307","77","15, 97-151"
 "1308","77","152-3"
 "1309","77","161"
 "1310","77","162"
 "1311","77","162, 169, 182"
 "1312","77","163"
 "1313","77","164"
 "1314","77","165"
 "1315","77","165, 182, 184"
 "1316","77","166"
 "1317","77","167"
 "1318","77","169, 184, 191-2"
 "1319","77","169-70"
 "1320","77","170"
 "1321","77","171"
 "1322","77","173"
 "1323","77","174"
 "1324","77","175, 192-3"
 "1325","77","182"
 "1326","77","183"
 "1327","77","184"
 "1328","77","185"
 "1329","77","185, 193-7, 200, 205"
 "1330","77","186"
 "1331","77","186, 188-90, 205, 211, 243-4"
 "1332","77","186, 250"
 "1333","77","190"
 "1334","77","190, 232, 250-1"
 "1335","77","190, 250"
 "1336","77","191"
 "1337","77","191, 238, 244"
 "1338","77","200"
 "1339","77","203"
 "1340","77","204"
 "1341","77","204, 233, 247"
 "1342","77","205-8, 273"
 "1343","77","208-9, 235, 238"
 "1344","77","208-9, 247, 250"
 "1345","77","211, 227"
 "1346","77","227-8, 240, 244, 251, 252, 253, 254"
 "1347","77","24, 26"
 "1348","77","24, 26-33, 78"
 "1349","77","240"
 "1350","77","240, 252"
 "1351","77","240, 273"
 "1352","77","250"
 "1353","77","27"
 "1354","77","272"
 "1355","77","273"
 "1356","77","35-43, 62-96"
 "1357","77","41, 85, 87, 272"
 "1358","77","42"
 "1359","77","47, 78"
 "1360","77","47, 84-5, 126-7"
 "1361","77","47, 85"
 "1362","77","48, 77"
 "1363","77","48, 77, 88"
 "1364","77","49, 60"
 "1365","77","60"
 "1366","77","60, 151-2"
 "1367","77","60-1"
 "1368","77","64, 71, 93-4"
 "1369","77","66-8, 272"
 "1370","77","71"
 "1371","77","71, 91"
 "1372","77","71, 93, 94, 113"
 "1373","77","73"
 "1374","77","73-4, 95, 106, 113, 154-61, 167, 168"
 "1375","77","74, 161-2"
 "1376","77","74, 161-2, 168-9"
 "1377","77","88-9"
 "1378","77","89, 91"
 "1379","77","90-1"
 "1380","77","91"
 "1381","77","92"
 "1382","77","95, 113"
 "1383","76","211-11 [sic]"
 "1384","76","228-35"
 "1385","76","242"
 "1386","76","324"
 "1387","76","352-3"
 "1388","76","353"
 "1389","76","357-8"
 "1390","76","412-13"
 "1391","76","414-16"
 "1392","76","434-5"
 "1393","76","435"
 "1394","76","436"
 "1395","76","486"
 "1396","76","498-9"
 "1397","76","503-4"
 "1398","76","505-6"
 "1399","76","509-15"
 "1400","76","516-19"
 "1401","76","591-9"
 "1402","73","10, 15"
 "1403","73","4, 5, 143-51"
 "1404","73","4, 6, 7, 37"
 "1405","73","4, 7, 20, 21, 23, 61"
 "1406","73","41-2"
 "1407","73","45"
 "1408","73","6, 7, 21, 22-3, 25-6"
 "1409","73","88"
 "1410","79","131"
 "1411","79","76"
 "1412","79","78"
 "1413","78","127"
 "1414","78","84"
 "1415","78","101-3"
 "1416","78","105-6"
 "1417","78","107-8"
 "1418","78","109-12, 163"
 "1419","78","113-14"
 "1420","78","115-18"
 "1421","78","119"
 "1422","78","119-21"
 "1423","78","123"
 "1424","78","123-5"
 "1425","78","127-8"
 "1426","78","129-30"
 "1427","78","131-2"
 "1428","78","133-4"
 "1429","78","135-61"
 "1430","78","163-9"
 "1431","78","171-7"
 "1432","78","179"
 "1433","78","179, 188-95"
 "1434","78","179, 194"
 "1435","78","179-95"
 "1436","78","190"
 "1437","78","191"
 "1438","78","191, 193"
 "1439","78","204"
 "1440","78","205"
 "1441","78","206"
 "1442","78","207-8"
 "1443","78","208-9"
 "1444","78","211-13"
 "1445","78","215-19"
 "1446","78","221-3"
 "1447","78","225-7"
 "1448","78","229"
 "1449","78","231"
 "1450","78","231-2"
 "1451","78","233-5"
 "1452","78","237-8"
 "1453","78","24"
 "1454","78","5"
 "1455","78","57-9"
 "1456","78","61-2"
 "1457","78","63-6"
 "1458","78","67-71"
 "1459","78","73"
 "1460","78","79-81"
 "1461","78","83-4"
 "1462","78","83-4, 127"
 "1463","78","85-6"
 "1464","78","87-8"
 "1465","78","89-91"
 "1466","78","93-4"
 "1467","78","95-6"
 "1468","78","97-9"
 "1469","78","11"
 "1470","78","225"
 "1471","78","40-56"
 "1472","78","73-7"
 "1473","72","11-12"
 "1474","72","2"
 "1475","72","2, 5, 34"
 "1476","72","20-1"
 "1477","72","3, 5"
 "1478","72","3, 5, 6, 13"
 "1479","72","3, 5, 6, 12"
 "1480","72","28, 44"
 "1481","72","5, 6"
 "1482","72","6, 10"
 "1483","72","8, 9"
 "1484","80",""
 "1485","81",""
 "1486","81","186-7"
 "1487","81","186"
 "1488","81","187"
 "1489","82",""
 "1490","83",""
 "1491","84",""
 "1492","85",""
 "1493","86",""
 "1494","87",""
 "1495","88",""
 "1496","89",""
 "1497","90",""
 "1498","91","171-2"
 "1499","91","41, 45, 70-6"
 "1500","91","51, 53, 54-7"
 "1501","91","171"
 "1502","91","196-7"
 "1503","91","41, 51-2"
 "1504","91","33"
 "1505","91","169-70, 218-9"
 "1506","91","210-11, 254-9, 416-22"
 "1507","91","218-19"
 "1508","91","39"
 "1509","91","43, 49, 50, 54-7, 77, 173, 174, 175, 177-93, 196-206"
 "1510","91","46, 55-6"
 "1511","91","52-4"
 "1512","91","54-5, 170-1"
 "1513","91","40"
 "1514","91","160-1, 167"
 "1515","91","161-2"
 "1516","91","211"
 "1517","91","220"
 "1518","91","220-1, 279, 280"
 "1519","91","221, 272-4"
 "1520","91","262-6, 422, 436-7, 440-59"
 "1521","91","272"
 "1522","91","272, 279, 281"
 "1523","91","275-9, 460, 468-71"
 "1524","91","278, 283, 293-4"
 "1525","91","278"
 "1526","91","279, 282"
 "1527","91","279, 306-11, 314-15"
 "1528","91","279"
 "1529","91","294"
 "1530","91","38-47"
 "1531","91","40"
 "1532","91","45, 54, 77, 78-80, 99, 104, 149-51, 166, 167, 208, 363-8, 492-3"
 "1533","91","77"
 "1534","91","69, 70"
 "1535","92","114"
 "1536","92","114, 117"
 "1537","92","115"
 "1538","92","115, 117"
 "1539","92","102"
 "1540","92","96-7"
 "1541","92","99"
 "1542","93",""
 "1543","94","177"
 "1544","94","177, 191"
 "1545","94","177-9"
 "1546","94","179, 198-9"
 "1547","94","179, 199"
 "1548","94","179-82, 200"
 "1549","94","185"
 "1550","94","185-9, 202-3"
 "1551","94","191, 202"
 "1552","94","192"
 "1553","94","199-200"
 "1554","94","200"
 "1555","94","201"
 "1556","94","201-2"
 "1557","94","202"
 "1558","94","203"
 "1559","94","203-5"
 "1560","94","205-6"
 "1561","94","206"
 "1562","94","206-7"
 "1563","94","207"
 "1565","94","208-9, 212"
 "1566","94","209"
 "1567","94","210"
 "1568","94","210-11"
 "1569","94","211"
 "1570","94","212"
 "1571","94","213"
 "1572","94","213-14"
 "1573","94","214"
 "1574","94","214-15"
 "1575","94","215"
 "1576","94","216"
 "1577","95","134v"
 "1578","95","134v, 135v"
 "1579","95","134v, 136r"
 "1580","95","135r"
 "1581","95","136r"
 "1582","96","10"
 "1583","96","11"
 "1585","96","12"
 "1586","96","14"
 "1587","96","15"
 "1588","96","15-16"
 "1589","96","16"
 "1590","96","16-17"
 "1591","96","17"
 "1592","96","17, 19, 22, 23"
 "1593","96","17-18"
 "1595","96","19"
 "1598","96","20"
 "1601","96","23"
 "1602","96","24"
 "1603","96","25-6"
 "1604","96","26"
 "1605","96","27"
 "1606","96","29"
 "1609","96","30"
 "1610","96","31"
 "1612","96","32"
 "1613","96","33"
 "1614","96","35"
 "1615","96","36"
 "1616","96","36-7"
 "1617","96","37"
 "3861","96","61, 79"
 "1619","96","38"
 "1620","96","39"
 "1622","96","40"
 "3860","97","194-5"
 "1624","96","41"
 "1627","96","44, 46"
 "1628","96","46"
 "1629","96","47"
 "1630","96","49"
 "1631","96","50"
 "1633","96","50-1"
 "1634","96","51"
 "1635","96","52"
 "1636","96","53"
 "1637","96","53-4"
 "1638","96","54"
 "1639","96","55"
 "1640","96","55, 60"
 "3859","96","56"
 "1642","96","56, 70"
 "1643","96","59"
 "1644","96","6, 8"
 "1645","96","60"
 "1646","96","61"
 "1647","96","62"
 "1648","96","63"
 "1649","96","63-4"
 "1650","96","64"
 "1651","96","64, 68-73, 75-81, 116"
 "1652","96","65"
 "1653","96","66"
 "1654","96","67"
 "1655","96","68"
 "1656","96","69"
 "1658","96","7"
 "1659","96","70"
 "1660","96","72"
 "1661","96","73"
 "1662","96","74"
 "1664","96","75-6"
 "1665","96","76"
 "1666","96","77"
 "1667","96","78"
 "1669","96","8"
 "1671","96","81"
 "1672","96","83"
 "1673","96","84"
 "1674","96","84-5"
 "1675","96","85"
 "1676","96","85-6"
 "1677","96","86"
 "1679","96","9"
 "1680","97","177"
 "1681","97","178"
 "1682","97","179"
 "1683","97","179-80"
 "1684","97","180"
 "1685","97","181"
 "1686","97","182"
 "1687","97","182-3"
 "1688","97","183"
 "1689","97","184"
 "1690","97","185"
 "1691","97","186"
 "1692","97","186-7"
 "1693","97","187"
 "1694","97","187-8"
 "1695","97","188"
 "1696","97","189"
 "1697","97","190"
 "1698","97","191"
 "1699","97","192"
 "1700","97","193"
 "1701","97","194"
 "1702","97","195"
 "1703","97","195-6"
 "1704","97","196"
 "1705","97","197"
 "1706","97","197-8"
 "1707","97","198"
 "1708","97","198-9"
 "1709","97","199"
 "1710","97","200"
 "1711","97","201"
 "1713","97","202"
 "1714","97","203"
 "1715","97","204"
 "1716","97","205"
 "1717","97","206"
 "1718","97","207"
 "1719","97","208"
 "1720","97","209"
 "1721","97","209-10"
 "1722","97","210"
 "1723","97","211"
 "1724","97","212"
 "1725","97","213"
 "1726","97","214"
 "1727","97","215"
 "1728","97","216"
 "1729","97","216-17"
 "1730","97","217"
 "1731","97","217-18"
 "1732","97","218"
 "1733","97","219"
 "1735","97","220"
 "1736","97","220-1"
 "1737","97","221"
 "1738","97","222"
 "1739","97","223"
 "1740","97","224"
 "1741","97","225"
 "1742","97","226"
 "1743","97","226-7"
 "1744","97","227"
 "1745","97","228"
 "1746","97","229"
 "1747","97","230"
 "1748","97","231"
 "1749","97","232"
 "1750","97","233"
 "1751","97","234"
 "1752","97","234-5"
 "1753","97","235"
 "1754","97","236-7"
 "1755","97","237"
 "1756","97","238"
 "1757","97","239"
 "1758","97","239-40"
 "1759","97","240"
 "1760","97","241"
 "1761","97","243"
 "1765","97","248"
 "1766","97","248-9"
 "1767","97","249"
 "1768","97","250"
 "1769","97","254"
 "1770","97","257"
 "1771","97","263"
 "1772","97","270"
 "1776","98","123"
 "1777","98","124"
 "1778","98","125"
 "1779","98","126"
 "1780","98","127"
 "1781","98","128"
 "1782","98","129"
 "1783","98","129-30"
 "1784","98","130"
 "1785","98","130-1"
 "1786","98","131"
 "1787","98","132"
 "1788","98","133"
 "1789","98","134"
 "1790","98","135"
 "1791","98","135-6"
 "1792","98","136"
 "1793","98","136-7"
 "1794","98","137"
 "1795","98","137-8"
 "1796","98","138"
 "1797","98","139"
 "1798","98","140"
 "1799","98","141"
 "1800","98","142"
 "1801","98","143"
 "1802","98","144"
 "1803","98","144-5"
 "1804","98","145"
 "1805","98","146"
 "1806","98","147"
 "1807","98","148"
 "1808","98","149"
 "1809","98","149-50"
 "1810","98","150"
 "1811","98","151"
 "1812","98","152"
 "1813","98","153"
 "1814","98","154"
 "1815","98","155"
 "1816","98","156"
 "1817","98","157"
 "1818","98","158"
 "1819","98","159"
 "1820","98","160"
 "1821","98","161"
 "1822","98","162"
 "1823","98","162-3"
 "1824","98","163"
 "1825","98","164"
 "1826","98","165"
 "1827","98","166"
 "1828","98","167"
 "1829","98","168"
 "1830","98","169"
 "1831","98","169-70"
 "1832","98","170"
 "1834","98","229"
 "1835","98","242-3"
 "1836","98","250"
 "1837","98","252"
 "1838","100","90"
 "1839","99","I, 74"
 "1840","99","II, 39"
 "1841","99","ped"
 "1842","99","II, 1-4"
 "1843","99","I, 257"
 "1844","99","I, 32, 119"
 "1845","99","I, 120"
 "1846","99","I, 181-2"
 "1847","99","I, 44-5"
 "1848","99","I, 45"
 "1849","99","I, 55"
 "1850","99","I, x-xiv, Shirley's life see 95-100"
 "1851","99","II, 26-7"
 "1852","99","II, 79, 81"
 "1853","99","I, 134, 244, 246-7"
 "1855","99","II, 4"
 "1856","77","32"
 "1857","101","92r"
 "1858","101","10r, 27r"
 "1859","101","10v, 23r"
 "1860","101","14v"
 "1861","101","5r, 20r"
 "1862","101","5r, 20v"
 "1863","101","5v"
 "1864","101","74r"
 "1865","101","74r, 85v"
 "1866","101","7v"
 "1867","102","89r"
 "1868","102","10v, 23r"
 "1869","102","11r, 23r"
 "1870","102","16r, 25r-v"
 "1871","102","23v, 31r-v"
 "1872","102","28r, 36v-37r"
 "1873","102","37r, 45v-46r"
 "1874","102","46v, 57r"
 "1875","102","4v, 13v"
 "1876","102","51r, 59v"
 "1877","102","51r, 62r"
 "1878","103","118r"
 "1879","103","26r, 45v"
 "1880","103","69r, 70v"
 "1881","103","69v, 1095"
 "1882","103","70r"
 "1883","103","77v, 103r"
 "1884","103","78r, 102v"
 "1885","103","85r"
 "1886","103","119r"
 "1887","104","14"
 "1888","104","14, 19, 37"
 "1889","104","14, 27, 37"
 "1890","104","15"
 "1891","104","15, 13, 38"
 "1892","104","15, 37"
 "1893","104","15-16"
 "1894","104","16"
 "1895","104","39"
 "1896","104","39, 74"
 "1897","104","39, 75"
 "1898","104","40"
 "1899","104","40, 73"
 "1900","104","41"
 "1901","104","41, 76"
 "1902","104","42"
 "1903","104","42, 74"
 "1904","104","43"
 "1905","104","43, 75"
 "1906","104","44"
 "1907","104","44, 74-5"
 "1908","104","44, 79"
 "1909","104","45"
 "1910","104","45, 77"
 "1911","104","46"
 "1912","104","46, 77"
 "1913","104","46, 78"
 "1914","104","47"
 "1915","104","47, 52"
 "1916","104","47, 78"
 "1917","104","47, 80"
 "1918","104","47, 72"
 "1919","104","48"
 "1920","104","49"
 "1921","104","51"
 "1922","104","51, 81"
 "1923","104","52"
 "1924","104","52, 53"
 "1925","104","53"
 "1926","104","54"
 "1927","104","54-5"
 "1928","104","55"
 "1929","104","56"
 "1930","104","57"
 "1931","104","58"
 "1932","104","59"
 "1933","104","60"
 "1934","104","61"
 "1935","104","62"
 "1936","104","63"
 "1937","104","64"
 "1938","104","65"
 "1939","104","67"
 "1940","104","68"
 "1941","104","69"
 "1942","104","70"
 "1943","104","73"
 "1944","104","40-1"
 "1945","104","50"
 "1946","104","76"
 "1947","104","77"
 "1948","76","280-4"
 "1949","74","11, 12"
 "1950","74","36"
 "1951","74","10, 11, 25, 26, 31"
 "1952","74","8, 10"
 "1953","74","8, 10, 190"
 "1954","105",""
 "1955","105","109r, 112v"
 "1956","105","114v, 123v"
 "1957","105","115v, 125v"
 "1958","105","121r, 130v"
 "1959","105","121r, 131r"
 "1960","105","127v, 138r"
 "1961","105","131r, 141v"
 "1962","105","155v, 162v"
 "1963","105","163r, 171r"
 "1964","105","166v, 175r"
 "1965","105","171v, 178r"
 "1966","105","177r, 182v"
 "1967","105","177r, 187r"
 "1968","105","184r"
 "1969","105","187r"
 "1970","105","19r-v, 34v"
 "1971","105","219r"
 "1972","105","219v"
 "1973","105","21r-v, 38r-v"
 "1974","105","222r, 237v"
 "1975","105","227v, 249r"
 "1976","105","228r, 246r"
 "1977","105","228r, 250r"
 "1978","105","235r, 250v"
 "1979","105","249v, 262v"
 "1980","105","251v"
 "1981","105","260v"
 "1982","105","261r"
 "1983","105","263r"
 "1984","105","29v-30r, 43v-44r"
 "1985","105","38v, 49r-v"
 "1986","105","38v-39r"
 "1987","105","3r"
 "1988","105","3r, 17v-18r"
 "1989","105","3v, 18r-v"
 "1990","105","41r-v, 54v"
 "1991","105","49r"
 "1992","105","53v-54r, 63r"
 "1993","105","61v, 70v"
 "1994","105","62r"
 "1995","105","62r, 70v"
 "1996","105","65v, 74v"
 "1997","105","66r"
 "1998","105","66r, 74v"
 "1999","105","6v, 18v-19r"
 "2000","105","71r, 80r"
 "2001","105","77r"
 "2002","105","77v"
 "2003","105","66r, 75r"
 "2004","105","82r, 92v"
 "2005","105","82v, 105r"
 "2006","105","82v, 93r"
 "2007","105","82v, 98r"
 "2008","105","88v, 117v"
 "2009","105","89r, 111r"
 "2010","105","89r, 118r"
 "2011","105","91r, 99v"
 "2012","105","92v"
 "2013","105","96v, 110v"
 "2014","106","277"
 "2015","106","278-82"
 "2016","106","283"
 "2017","106","284"
 "2018","106","285"
 "2019","106","286"
 "2020","106","287"
 "2021","106","288"
 "2022","106","289"
 "2023","106","289-90"
 "2024","106","290"
 "2025","106","290-1"
 "2026","106","291"
 "2027","106","292"
 "2028","106","293"
 "2029","106","293-4"
 "2030","106","294"
 "2031","106","294-5"
 "2032","106","295"
 "2033","106","296"
 "2034","106","297"
 "2035","106","299"
 "2036","106","300"
 "2037","106","301"
 "2038","106","302"
 "2039","106","303"
 "2040","106","304"
 "2041","106","305"
 "2042","106","306"
 "2043","106","306-7"
 "2044","106","307"
 "2045","106","308-9"
 "2046","106","309"
 "2047","106","309-10"
 "2048","106","310"
 "2049","106","310-11"
 "2050","106","311"
 "2051","106","311-12"
 "2052","106","312"
 "2053","106","313"
 "2054","106","314-15"
 "2055","106","315"
 "2056","106","316"
 "2057","106","317"
 "2058","106","317-18"
 "2059","106","318"
 "2060","106","318-19"
 "2061","106","319"
 "2062","106","320"
 "2063","106","321"
 "2064","106","322"
 "2065","106","323-4"
 "2066","106","324-5"
 "2067","106","325-6"
 "2068","106","326"
 "2069","106","269"
 "2070","106","273"
 "2071","106","274"
 "2072","106","291-2"
 "2073","106","298"
 "2074","106","301-2"
 "2075","107","1"
 "2076","107","10"
 "2077","107","11"
 "2078","107","12"
 "2079","107","13"
 "2080","107","14"
 "2081","107","15"
 "2082","107","16"
 "2083","107","16-17"
 "2084","107","17"
 "2085","107","18"
 "2086","107","19"
 "2087","107","2"
 "2088","107","2-3"
 "2089","107","20"
 "2090","107","21"
 "2091","107","22"
 "2092","107","22-3"
 "2093","107","24"
 "2094","107","25"
 "2095","107","25, 26"
 "2096","107","26"
 "2097","107","27"
 "2098","107","28"
 "2099","107","29"
 "2100","107","23"
 "2101","107","3"
 "2102","107","30"
 "2103","107","30, 37"
 "2104","107","30-1"
 "2105","107","31, 39"
 "2106","107","32-3"
 "2107","107","33, 37"
 "2108","107","34"
 "2109","107","35, 38"
 "2110","107","36"
 "2111","107","37"
 "2112","107","39"
 "2113","107","4"
 "2114","107","40"
 "2115","107","42"
 "2116","107","43"
 "2117","107","44"
 "2118","107","44-5"
 "2119","107","45-6"
 "2120","107","46"
 "2121","107","47"
 "2122","107","48"
 "2123","107","49"
 "2124","107","5"
 "2125","107","50"
 "2126","107","51"
 "2127","107","52"
 "2128","107","52-3"
 "2129","107","53-4"
 "2130","107","54"
 "2131","107","55"
 "2132","107","56"
 "2133","107","57"
 "2134","107","58"
 "2135","107","59"
 "2136","107","59-60"
 "2137","107","60"
 "2138","107","61"
 "2139","107","62"
 "2140","107","63"
 "2141","107","63-4"
 "2142","107","64"
 "2143","107","65-6"
 "2144","107","66-7"
 "2145","107","67-8"
 "2146","107","68"
 "2147","107","69"
 "2148","107","7"
 "2149","107","8"
 "2150","107","8-9"
 "2151","107","9"
 "2152","108","174-5"
 "2153","108","175-6"
 "2154","108","176"
 "2155","108","177"
 "2156","108","177-8"
 "2157","108","178"
 "2158","108","178-9"
 "2159","108","179"
 "2160","108","180"
 "2161","108","180-1"
 "2162","108","181"
 "2163","108","182"
 "2164","108","183"
 "2165","108","184"
 "2166","108","185"
 "2167","108","185-6"
 "2168","108","186"
 "2169","108","186-7"
 "2170","108","187"
 "2171","108","188"
 "2172","108","188-9"
 "2173","108","189"
 "2174","108","189-90"
 "2175","108","190"
 "2176","108","190-1"
 "2177","108","191"
 "2178","108","192"
 "2179","108","192-3"
 "2180","108","193"
 "2181","108","193-4"
 "2182","108","194"
 "2183","108","194-5"
 "2184","108","195"
 "2185","108","195-6"
 "2186","108","196"
 "2187","108","196-7"
 "2188","108","197"
 "2189","108","198"
 "2190","109","225"
 "2191","109","226"
 "2192","109","227"
 "2193","109","227-8"
 "2194","109","228"
 "2195","109","229"
 "2196","109","230"
 "2197","110","13v, 15v"
 "2198","110","16r, 17v"
 "2199","110","17r, 20r"
 "2200","110","18r, 20r"
 "2201","110","22r"
 "2202","110","2v"
 "2203","110","3r"
 "2204","110","4v"
 "2205","110","5r, 6r"
 "2206","110","7r, 8r"
 "2207","110","9v, 12r"
 "2208","110","13v"
 "2209","111","100"
 "2210","111","101"
 "2211","111","101-2"
 "2212","111","102"
 "2213","111","102-3"
 "2214","111","103"
 "2215","111","103-4"
 "2216","111","104"
 "2217","111","104-5"
 "2218","111","105"
 "2219","111","105-6"
 "2220","111","106"
 "2221","111","106-7"
 "2222","111","107"
 "2223","111","107-8"
 "2224","111","108"
 "2225","111","108-9"
 "2226","111","109"
 "2227","111","110"
 "2228","111","110-11"
 "2229","111","111"
 "2230","111","111-12"
 "2231","111","112"
 "2232","111","112-13"
 "2233","111","113"
 "2234","111","113-14"
 "2235","111","114"
 "2236","111","115"
 "2237","111","115-16"
 "2238","111","116"
 "2239","111","116-17"
 "2240","111","117"
 "2241","111","117-18"
 "2242","111","118"
 "2243","111","118-19"
 "2244","111","119"
 "2245","111","119-20"
 "2246","111","120"
 "2247","111","121"
 "2248","111","121-2"
 "2249","111","122"
 "2250","111","122-3"
 "2251","111","123"
 "2252","111","123-4"
 "2253","111","124"
 "2254","111","124-5"
 "2255","111","125"
 "2256","111","125-6"
 "2257","111","126"
 "2258","111","126-7"
 "2259","111","127"
 "2260","111","127-8"
 "2261","111","128"
 "2262","111","129"
 "2263","111","129-30"
 "2264","111","130"
 "2265","111","130-1"
 "2266","111","131"
 "2267","111","131-3"
 "2268","111","133-4"
 "2269","111","134"
 "2270","111","135"
 "2271","111","136"
 "2272","111","136-7"
 "2273","111","137"
 "2274","111","138"
 "2275","111","138-9"
 "2276","111","139"
 "2277","111","139-40"
 "2278","111","140"
 "2279","111","141"
 "2280","111","141-2"
 "2281","111","142"
 "2282","111","142-3"
 "2283","111","143"
 "2284","111","144"
 "2285","111","144-5"
 "2286","111","145"
 "2287","111","145-6"
 "2288","111","146"
 "2289","111","146-7"
 "2290","111","147"
 "2291","111","148"
 "2292","111","149"
 "2293","111","149-50"
 "2294","111","150"
 "2295","111","150-1"
 "2296","111","151"
 "2297","111","151-2"
 "2298","111","152"
 "2299","111","152-3"
 "2300","111","153"
 "2301","111","153-4"
 "2302","111","154"
 "2303","111","155"
 "2304","111","156"
 "2305","111","156-7"
 "2306","111","157"
 "2307","111","157-8"
 "2308","111","158"
 "2309","111","158-9"
 "2310","111","159-60"
 "2311","111","160-1"
 "2312","111","161"
 "2313","111","161-2"
 "2314","111","162"
 "2315","111","162-3"
 "2316","111","163"
 "2317","111","32"
 "2318","111","32, 34"
 "2319","111","33"
 "2320","111","34"
 "2321","111","36"
 "2322","111","36-7"
 "2323","111","37"
 "2324","111","38"
 "2325","111","39"
 "2326","111","40"
 "2327","111","42"
 "2328","111","42-3"
 "2329","111","43"
 "2330","111","44"
 "2331","111","44-5"
 "2332","111","45"
 "2333","111","45-6"
 "2334","111","46"
 "2335","111","47"
 "2336","111","49"
 "2337","111","49-50"
 "2338","111","32-3"
 "2339","111","32-4"
 "2340","111","50"
 "2341","111","50-1"
 "2342","111","51"
 "2343","111","52"
 "2344","111","53"
 "2345","111","53-4"
 "2346","111","54-5"
 "2347","111","57"
 "2348","111","57-8"
 "2349","111","58"
 "2350","111","58-9"
 "2351","111","60"
 "2352","111","60-1"
 "2353","111","61"
 "2354","111","62"
 "2355","111","62-3"
 "2356","111","63"
 "2357","111","64"
 "2358","111","64-5"
 "2359","111","65"
 "2360","111","65-6"
 "2361","111","66"
 "2362","111","68"
 "2363","111","69"
 "2364","111","69-70"
 "2365","111","70"
 "2366","111","71"
 "2367","111","71-2"
 "2368","111","72-3"
 "2369","111","74-5"
 "2370","111","75-6"
 "2371","111","76"
 "2372","111","76-7"
 "2373","111","78"
 "2374","111","78-9"
 "2375","111","79"
 "2376","111","79-80"
 "2377","111","77-8"
 "2378","111","80"
 "2379","111","81"
 "2380","111","81-2"
 "2381","111","82"
 "2382","111","83"
 "2383","111","83-4"
 "2384","111","84"
 "2385","111","84-5"
 "2386","111","85"
 "2387","111","85-6"
 "2388","111","86"
 "2389","111","86-7"
 "2390","111","87"
 "2391","111","87-8"
 "2392","111","88"
 "2393","111","88-9"
 "2394","111","89"
 "2395","111","89-90"
 "2396","111","90-1"
 "2397","111","91-2"
 "2398","111","92"
 "2399","111","92-3"
 "2400","111","93"
 "2401","111","93-4"
 "2402","111","94"
 "2403","111","94-5"
 "2404","111","95"
 "2405","111","96"
 "2406","111","96-7"
 "2407","111","97"
 "2408","111","97-8"
 "2409","111","98"
 "2410","111","98-9"
 "2411","111","99"
 "2412","111","99-100"
 "2413","203","109-10"
 "2414","203","128-9"
 "2415","203","140-1"
 "2416","203","143-4"
 "2417","203","26, 32"
 "2418","203","34-5"
 "2419","203","35"
 "2420","203","35-6"
 "2421","203","38-9"
 "2422","203","39-40"
 "2423","203","40-1"
 "2424","203","41"
 "2425","203","41-2"
 "2426","203","43-4"
 "2427","203","46-7"
 "2428","203","47-8"
 "2429","203","48"
 "2430","203","48-9"
 "2431","203","52-3"
 "2432","203","54"
 "2433","203","55"
 "2434","203","56"
 "2435","203","59"
 "2436","203","63-4"
 "2437","203","66-7"
 "2438","203","67-8"
 "2439","203","72"
 "2440","203","73"
 "2441","203","73-4"
 "2442","203","74"
 "2443","203","75"
 "2444","203","77"
 "2445","203","91"
 "2446","107","35"
 "2447","112","235, 237"
 "2448","112","230"
 "2449","112","232"
 "2450","112","232-3"
 "2451","112","233"
 "2453","112","235"
 "2454","112","236"
 "2455","112","237"
 "2456","113","253"
 "2457","113","253-4"
 "2458","113","254"
 "2459","113","254-5"
 "2460","113","255"
 "2461","113","255-6"
 "2462","113","256"
 "2463","113","256-7"
 "2464","113","257"
 "2465","113","258"
 "2466","113","258-9"
 "2467","113","259"
 "2468","113","260"
 "2469","113","260-1"
 "2470","113","261"
 "2471","113","261-2"
 "2472","113","262"
 "2473","113","263"
 "2474","113","263-4"
 "2475","113","264"
 "2476","113","264-5"
 "2477","113","265"
 "2478","113","265-6"
 "2479","113","266"
 "2480","113","266-7"
 "2481","113","267"
 "2482","113","268"
 "2483","113","268-9"
 "2484","113","269"
 "2485","113","269-70"
 "2486","113","270"
 "2487","113","271"
 "2488","113","272"
 "2489","113","272-3"
 "2490","113","273-4"
 "2491","114","354"
 "2492","114","355"
 "2493","114","356"
 "2494","114","357"
 "2495","114","358"
 "2496","114","358, 359"
 "2497","114","359"
 "2498","114","359-60"
 "2499","114","360"
 "2500","114","360-1"
 "2501","114","361-2"
 "2502","114","362"
 "2503","114","362-3"
 "2504","114","363"
 "2505","114","364"
 "2506","114","353-4"
 "2507","115","236"
 "2508","115","237"
 "2509","115","238"
 "2510","115","239"
 "2511","115","239-40"
 "2512","115","240"
 "2513","115","241"
 "2514","115","242"
 "2515","115","243"
 "2516","115","243-4"
 "2517","115","244"
 "2518","115","244-5"
 "2519","115","245"
 "2520","115","245-6"
 "2521","115","246"
 "2522","115","247"
 "2523","115","247-8"
 "2524","115","248"
 "2525","115","248-9"
 "2526","115","249"
 "2527","115","250"
 "2528","115","251"
 "2529","115","251-2"
 "2530","115","252"
 "2531","105","30r, 53r"
 "2532","105","39r, 53r-v"
 "2533","105","19r"
 "2534","116",""
 "2535","77","113, 118"
 "2536","77","123, 124"
 "2537","77","138, 167-8"
 "2538","77","49-53"
 "2539","77","164-5"
 "2540","77","68, 70, 71, 91"
 "2541","77","68-70, 91"
 "2542","77","88, 113, 164"
 "2543","117","103"
 "2544","117","105, 106, 109, 384"
 "2545","117","11, 116"
 "2546","117","11, 20, 117"
 "2547","117","11, 27, 35, 98-9"
 "2548","117","113, 117, 388-9"
 "2549","117","119, 121, 123, 403-5"
 "2550","117","120, 121, 126, 127, 267, 269-71"
 "2551","117","120, 122, 139"
 "2552","117","121, 132, 184-92"
 "2553","117","124, 131, 286, 298"
 "2554","117","126"
 "2555","117","127, 132, 357-9"
 "2556","117","127, 293-4"
 "2557","117","132"
 "2558","117","133, 267, 345, 346, 368, 391, 438-9"
 "2559","117","133, 371-6"
 "2560","117","134, 139, 142, 222"
 "2561","117","135"
 "2562","117","135, 359-61"
 "2563","117","138"
 "2564","117","138, 142, 331, 339-43"
 "2565","117","138, 157"
 "2566","117","138, 331"
 "2567","117","139, 143"
 "2568","117","139, 145, 160"
 "2569","117","140, 142"
 "2570","117","141"
 "2571","117","141, 144, 364, 408-11"
 "2572","117","141, 150"
 "2573","117","142"
 "2574","117","142, 144, 431-2"
 "2575","117","143, 146"
 "2576","117","144, 146"
 "2577","117","144, 304, 368"
 "2578","117","144, 338"
 "2579","117","145"
 "2580","117","145, 149"
 "2581","117","146, 147"
 "2582","117","146, 147, 148"
 "2583","117","147, 155, 177, 183"
 "2584","117","149, 157"
 "2585","117","152"
 "2586","117","155, 160"
 "2587","117","158-9, 266, 390-1"
 "2588","117","159, 161, 316-17"
 "2589","117","162-3"
 "2590","117","175"
 "2591","117","175, 210"
 "2592","117","175, 321, 356, 367-8, 369, 392, 405"
 "2593","117","175, 391"
 "2594","117","176"
 "2595","117","180"
 "2596","117","182, 196, 203"
 "2597","117","182, 196, 203, 279-80, 284-5, 290, 346, 378-83"
 "2598","117","183, 207, 209, 217-20"
 "2599","117","19, 21, 38-9, 128"
 "2600","117","196, 197"
 "2601","117","197, 284"
 "2602","117","2-3, 21-2"
 "2603","117","202, 208"
 "2604","117","203, 207, 209, 322-3"
 "2605","117","205"
 "2606","117","207, 209"
 "2607","117","207, 215, 217, 234"
 "2608","117","209, 210"
 "2609","117","209, 213"
 "2610","117","209, 215, 348-54"
 "2611","117","213, 411-12"
 "2612","117","215"
 "2613","117","227, 228, 235"
 "2614","117","243, 252, 266"
 "2615","117","243, 252, 266, 310-13"
 "2616","117","266, 270, 292, 294-5"
 "2617","117","268, 273, 394-7"
 "2618","117","274, 290"
 "2619","117","289, 293"
 "2620","117","296, 325-6"
 "2621","117","296, 406-7"
 "2622","117","302, 327, 333, 347, 405"
 "2623","117","303, 314, 329, 333, 346, 449"
 "2624","117","309, 327, 329, 344"
 "2625","117","309, 327, 330, 344"
 "2626","117","325, 327, 333, 347"
 "2627","117","345, 347, 355, 367"
 "2628","117","345-6, 355"
 "2629","117","35, 46-7, 54, 56, 59, 69, 94, 163-71"
 "2630","117","355, 390, 397, 403"
 "2632","117","356, 387, 391, 401"
 "2633","117","356, 391, 393-4"
 "2634","117","36, 40, 43"
 "2635","117","36, 41, 42, 136"
 "2636","117","36, 52, 59, 60, 156"
 "2637","117","369, 377, 384, 386, 390, 445"
 "2638","117","370, 376-7, 383"
 "2639","117","377, 401, 408, 417-18"
 "2640","117","384, 387, 391, 401"
 "2641","117","385, 428"
 "2642","117","387, 400, 403, 413"
 "2643","117","387, 412, 414"
 "2644","117","391, 400, 403, 411"
 "2645","117","401, 406, 408, 421"
 "2646","117","401, 408, 417-18"
 "2647","117","401, 433"
 "2648","117","419, 429"
 "2649","117","47, 51, 56, 121"
 "2650","117","47, 70, 72, 174"
 "2651","117","5, 33, 124"
 "2652","117","5, 9, 110"
 "2653","117","50, 62"
 "2654","117","51, 52, 57, 163"
 "2655","117","51, 56, 59, 102"
 "2656","117","51, 78, 87, 162"
 "2657","117","52, 57, 112"
 "2658","117","53, 56, 59"
 "2659","117","53, 58, 60, 141"
 "2660","117","53, 68, 71-2"
 "2661","117","54, 56, 59, 125"
 "2662","117","55, 57, 62"
 "2663","117","56, 70, 73, 335-6"
 "2664","117","57, 62"
 "2665","117","57, 73"
 "2666","117","58, 62"
 "2667","117","6, 8, 66"
 "2668","117","61, 70, 73, 145"
 "2669","117","61, 84, 173"
 "2670","117","68, 74, 79, 173"
 "2671","117","70, 72, 140"
 "2672","117","70, 73, 302-3"
 "2673","117","73, 75, 171, 242, 259-65"
 "2674","117","78, 84, 88, 95"
 "2675","117","8, 27"
 "2676","117","82, 100, 102"
 "2677","117","84, 88, 96"
 "2678","117","85, 88, 95"
 "2679","117","87, 100, 102"
 "2680","117","87, 109, 331, 361-4"
 "2681","117","87, 88, 96"
 "2682","117","9, 10, 41, 52, 131"
 "2683","117","9, 10, 42"
 "2684","117","94, 101, 103, 300-1"
 "2685","117","95, 124, 130"
 "2686","117","97, 98, 100, 101-2, 304, 318, 365-7"
 "2687","117","99, 100, 133"
 "2688","117","10"
 "2689","117","235, 254"
 "2690","117","272, 283, 298-300, 415"
 "2691","117","267"
 "2692","117","278"
 "2693","117","212, 285, 291, 302, 318-21, 336-7"
 "2694","117","368-9"
 "2695","117","384, 401, 403, 405"
 "2696","117","384-5, 392, 401-2, 405"
 "2697","117","403, 418"
 "2698","117","103-4"
 "2699","117","144, 148"
 "2700","117","17, 23-32, 63, 89-93"
 "2701","117","173, 178"
 "2702","117","18, 27-31"
 "2703","117","3, 15-17"
 "2704","117","3, 68-9, 94-5"
 "2705","117","3, 7"
 "2706","117","308, 326-7, 328, 329, 334-5, 337"
 "2707","117","356-7, 368, 383, 386-7"
 "2708","117","4-5, 110"
 "2709","117","4-5, 122"
 "2710","117","5, 118"
 "2711","117","5, 43-4"
 "2712","117","8, 118, 131"
 "2713","117","8, 12, 13-14"
 "2714","117","295, 304-8"
 "2715","117","444-5"
 "2716","118","intro"
 "2717","118","111, 119, 305"
 "2718","118","1-2"
 "2719","118","10, 13, 21, 95-6, 167-70"
 "2720","118","101"
 "2721","118","102-3"
 "2722","118","107, 108"
 "2723","118","108, 109, 255-6"
 "2724","118","109"
 "2725","118","11-12, 197-8"
 "2726","118","112, 115"
 "2727","118","113"
 "2728","118","113, 216-7"
 "2729","118","114, 123, 131"
 "2730","118","116, 119, 123"
 "2731","118","118-9, 121-3"
 "2732","118","120-1"
 "2733","118","123, 124, 130, 159"
 "2734","118","124, 130"
 "2735","118","125, 130, 136, 146"
 "2736","118","125, 303-4"
 "2737","118","128, 134-5, 147, 199, 340"
 "2738","118","130, 132"
 "2739","118","130, 132, 136"
 "2740","118","134, 139, 148, 299, 337-8"
 "2741","118","135-6"
 "2742","118","136, 148, 149, 157, 165-6"
 "2743","118","139"
 "2744","118","14-16"
 "2745","118","148, 150, 156"
 "2746","118","149, 200"
 "2747","118","154, 198, 210"
 "2748","118","162"
 "2749","118","163"
 "2750","118","166, 179-84, 238"
 "2751","118","18"
 "2752","118","18, 279, 309"
 "2753","118","18-19"
 "2754","118","185, 191, 195"
 "2755","118","191, 192-3"
 "2756","118","193, 195, 199"
 "2757","118","193, 208"
 "2759","118","197, 199"
 "2760","118","198, 199, 202, 207"
 "2761","118","2"
 "2762","118","20"
 "2763","118","20-1"
 "2764","118","205, 208, 210"
 "2765","118","21, 36, 38, 43, 295-6"
 "2766","118","211"
 "2767","118","212, 213, 219, 223, 246"
 "2768","118","212, 221, 230, 264-5"
 "2769","118","214, 218, 220"
 "2770","118","218"
 "2771","118","220, 228, 275-9"
 "2772","118","222, 224"
 "2773","118","225, 228"
 "2774","118","226, 247"
 "2775","118","228, 231"
 "2776","118","237, 286, 287"
 "2777","118","238, 247"
 "2778","118","24, 27, 37, 212-3"
 "2779","118","24, 31, 114, 165"
 "2780","118","24, 58-60"
 "2781","118","24-6"
 "2782","118","248, 306-7, 310"
 "2783","118","282, 314"
 "2784","118","29-30"
 "2785","118","293"
 "2786","118","293, 323"
 "2787","118","3, 112"
 "2788","118","3-4"
 "2789","118","300, 314, 315-6"
 "2790","118","32-3"
 "2791","118","326, 330"
 "2792","118","329"
 "2793","118","33, 34"
 "2794","118","330"
 "3858","96","75, 82-3, 856, 89-92"
 "2796","118","39, 45-6"
 "2797","118","39-40, 41, 55, 65-6, 133"
 "2798","118","4"
 "2799","118","4, 13-14"
 "2800","118","4, 16-17"
 "2801","118","41-2"
 "2802","118","47-8"
 "2803","118","49, 110, 131-2"
 "2804","118","49, 55, 70, 157-8"
 "2805","118","56-8"
 "2806","118","6-7"
 "2807","118","66, 69, 330, 364-5"
 "2808","118","67, 81, 88, 128-9"
 "2809","118","67-9"
 "2810","118","69, 71, 256-7"
 "2811","118","69, 71, 73, 76"
 "2812","118","7, 134"
 "2813","118","73-5"
 "2814","118","77-9"
 "2815","118","79-80"
 "2816","118","81-2"
 "2817","118","86-7"
 "2818","118","87"
 "2819","118","88"
 "2820","118","88, 260"
 "2821","118","9"
 "2822","118","9, 40, 82-3"
 "2823","118","9, 97, 124-5"
 "2824","118","9, 18, 24, 111"
 "2825","118","92-4"
 "2826","118","97, 100"
 "2827","118","97, 101, 126-8"
 "2828","118","97, 104"
 "2829","119","100, 108, 232-3"
 "2830","119","107-8, 116, 123"
 "2831","119","108, 124-5"
 "2832","119","109-112"
 "2833","119","113, 120, 153"
 "2834","119","120, 128"
 "2835","119","123-4, 185"
 "2836","119","127, 133"
 "2837","119","14, 24-5, 34-5"
 "2838","119","157-72"
 "2839","119","16"
 "2840","119","170, 189-94"
 "2841","119","234"
 "2842","119","267-9"
 "2843","119","270"
 "2844","119","281-8"
 "2845","119","3, 144-6"
 "2846","119","3-4"
 "2847","119","32, 264, 270"
 "2848","119","33"
 "2849","119","34, 65-6, 113-4, 116, 118"
 "2850","119","39"
 "2851","119","39, 228-31"
 "2852","119","40"
 "2853","119","41, 68, 86"
 "2854","119","69"
 "2855","119","70-3, 78"
 "2856","119","78, 88"
 "2857","119","91-2"
 "2858","120","193"
 "2859","120","113, 166"
 "2860","120","86, 113"
 "2861","120","119"
 "3856","98","151, 158"
 "2866","120","205, 223"
 "2867","120","218, 242"
 "2868","120","223"
 "2869","120","227, 263"
 "2870","120","238, 263"
 "2871","120","263, 299"
 "2872","120","266, 299"
 "2873","120","266, 306"
 "2874","120","299, 346"
 "2875","120","3"
 "2876","120","306"
 "2877","120","319"
 "2878","120","72"
 "2879","120","85"
 "2880","120","85, 116"
 "2881","120","86"
 "2882","120","166, 193"
 "2883","120","176"
 "2884","120","223, 244"
 "2885","120","24"
 "2886","120","264"
 "2887","120","264, 321"
 "2888","124",""
 "2889","125","111"
 "2890","125","113"
 "2891","125","23, 55"
 "2892","125","24"
 "2893","125","25"
 "2894","125","89"
 "2895","125","112"
 "2896","125","88"
 "2897","125","22, 42"
 "2898","125","62, 78"
 "2899","125","65, 79"
 "2900","125","5"
 "2901","125","29"
 "2902","125","4"
 "2903","126","213"
 "2904","127","60r"
 "2905","128","114r"
 "2906","128","52r"
 "2907","128","70v"
 "2908","129","131"
 "2909","121","117"
 "2910","121","12"
 "2911","121","197"
 "2912","121","207"
 "2913","121","207, 232"
 "2914","121","251, 289"
 "2915","121","29, 77"
 "2916","121","336"
 "2917","121","77, 110"
 "2918","121","104"
 "2919","121","12, 74"
 "2920","121","209, 233"
 "2921","121","233"
 "2922","121","234"
 "2923","121","279"
 "2924","121","323, 345"
 "2925","121","74"
 "2926","121","74, 111"
 "2927","121","81, 116"
 "2928","130","153"
 "2929","130","16, 32"
 "2930","130","16, 44"
 "2931","130","183"
 "2932","130","126"
 "2933","130","38"
 "2934","130","48, 58"
 "2935","130","58"
 "2936","122","132, 167"
 "2937","122","251"
 "2938","122","45"
 "2939","122","182, 238"
 "2940","122","462"
 "2941","123","259"
 "2942","123","309"
 "2943","123","309, 346"
 "2944","123","381"
 "2945","123","47, 95"
 "2946","123","108, 142"
 "2947","123","163, 234"
 "2948","123","234, 298"
 "2949","123","29"
 "2950","123","298, 340"
 "2951","123","352"
 "2952","123","37, 78"
 "2953","123","78"
 "2954","131","43"
 "3855","96","90"
 "2956","133","103v"
 "2957","133","107v, 112r"
 "2958","133","109r, 111r"
 "2959","133","109r, 120v-121r"
 "2960","133","111r, 131v"
 "2961","133","120v, 128r"
 "2962","133","134r, 138v"
 "2963","133","21r, 40v"
 "2964","133","22r"
 "2965","133","238r, 260r"
 "2966","133","23r, 34v"
 "2967","133","25v"
 "2968","133","25v, 40v"
 "2969","133","25v, 75r"
 "2970","133","2r"
 "2971","133","86v, 98v"
 "2972","133","42r, 54v"
 "2973","134","15"
 "2974","134","164-7"
 "2975","134","167-75"
 "2976","134","175-93"
 "2977","134","199-203"
 "2978","134","20"
 "2979","134","20, 141"
 "2980","134","20, 141-64"
 "2981","134","20, 23, 60, 84-5"
 "2982","134","20-1"
 "2983","134","213-8"
 "2984","134","218-26"
 "2985","134","227-30"
 "2986","134","23, 39, 53-60, 69-72"
 "2987","134","230-5"
 "2988","134","235-8"
 "2989","134","238-43"
 "2990","134","243-6"
 "2991","134","246-7"
 "2992","134","247-8"
 "2993","134","248-9"
 "2994","134","26-7, 45"
 "2995","134","33, 92"
 "2996","134","36"
 "2997","134","39, 61, 84-5"
 "2998","134","44, 193-9"
 "2999","134","44, 92"
 "3000","134","45"
 "3001","134","53"
 "3002","134","60"
 "3003","134","60, 63-5"
 "3004","134","66-82"
 "3005","134","92"
 "3006","135","120, 123, 129, 134, 458, 628"
 "3007","135","120, 134, 168, 621"
 "3008","135","120, 489-90"
 "3009","135","131-3, 142, 625"
 "3010","135","120, 123, 134, 626"
 "3011","135","136, 375, 628, 649"
 "3012","135","147, 528"
 "3013","135","150, 552-3"
 "3014","135","150, 631"
 "3015","135","152-5, 480"
 "3016","135","156, 582-4"
 "3017","135","160"
 "3018","135","160-1"
 "3019","135","164-6, 547-8"
 "3020","135","166, 251"
 "3021","135","166, 501"
 "3022","135","169-73, 367-8, 580-2"
 "3023","135","174, 205"
 "3024","135","174-81, 225, 596-9"
 "3025","135","183, 225, 630"
 "3026","135","184"
 "3027","135","187-8, 629"
 "3028","135","188"
 "3029","135","19"
 "3030","135","190, 486"
 "3031","135","192-5"
 "3032","135","195, 509, 629"
 "3033","135","195-200, 315-21"
 "3034","135","2-3, 6, 10, 13-14, 18-19"
 "3035","135","20, 22, 62, 136"
 "3036","135","20, 348"
 "3037","135","20, 42"
 "3038","135","20-2"
 "3039","135","201, 218, 388"
 "3040","135","201, 219, 581"
 "3041","135","21"
 "3042","135","226, 623"
 "3043","135","23, 89"
 "3044","135","235-6, 469-70"
 "3046","135","251"
 "3048","135","261"
 "3049","135","271, 560"
 "3050","135","271-4, 542-3"
 "3051","135","281"
 "3052","135","281-2, 625"
 "3053","135","282, 574-80, 635-6, 649"
 "3054","135","284, 514, 624"
 "3055","135","286, 628"
 "3056","135","291, 629"
 "3057","135","305, 322-3"
 "3058","135","306-8, 490-1"
 "3059","135","308-15"
 "3060","135","321-2"
 "3061","135","325"
 "3062","135","330, 492-4"
 "3063","135","331, 348, 380"
 "3064","135","333-4"
 "3065","135","334, 589, 621-2"
 "3066","135","336, 555"
 "3067","135","338"
 "3068","135","345"
 "3069","135","346-7"
 "3070","135","352"
 "3071","135","353, 356, 471"
 "3072","135","353, 546-7"
 "3073","135","354, 358-63"
 "3074","135","354-7, 469"
 "3075","135","363"
 "3076","135","367, 436-7, 621"
 "3077","135","378-9, 626"
 "3078","135","384, 625"
 "3079","135","4-10, 24"
 "3080","135","427-8, 633, 649"
 "3081","135","431, 424"
 "3082","135","432, 565, 631"
 "3083","135","44, 104-13, 458-9, 471-4"
 "3084","135","447-8"
 "3085","135","448, 595, 623"
 "3086","135","475"
 "3087","135","481, 630"
 "3088","135","481-6"
 "3089","135","504, 508"
 "3090","135","515-7"
 "3091","135","521-2"
 "3092","135","532"
 "3093","135","533-6, 630"
 "3094","135","540-2"
 "3095","135","555-8, 626"
 "3096","135","563"
 "3097","135","566-70, 627"
 "3098","135","57, 89, 275-6"
 "3099","135","570-4"
 "3100","135","584-7"
 "3101","135","587-90, 624"
 "3102","135","590-2, 636"
 "3103","135","606-11, 631"
 "3104","135","611-14"
 "3105","135","615-17"
 "3106","135","617-19, 628"
 "3107","135","619-20"
 "3108","135","621"
 "3109","135","621, 622, 629"
 "3110","135","623"
 "3111","135","623, 631"
 "3112","135","624, 631"
 "3113","135","625"
 "3114","135","626"
 "3115","135","627"
 "3116","135","627, 629"
 "3117","135","628"
 "3118","135","629"
 "3119","135","630"
 "3120","135","292, 298, 630"
 "3121","135","630, 649"
 "3122","135","631"
 "3123","135","267, 631"
 "3124","135","631, 636-7, 649"
 "3125","135","632"
 "3126","135","632, 634"
 "3127","135","632, 637"
 "3128","135","633"
 "3129","135","633, 637"
 "3130","135","634"
 "3131","135","634, 638, 649"
 "3132","135","635"
 "3133","135","636"
 "3134","135","636, 639, 649"
 "3135","135","637"
 "3136","135","637, 649"
 "3137","135","637, 656"
 "3138","135","637, 660"
 "3139","135","637, 661"
 "3140","135","638"
 "3141","135","638, 649"
 "3142","135","638, 657"
 "3143","135","638, 658"
 "3144","135","638, 659"
 "3145","135","638, 660"
 "3146","135","638, 661"
 "3147","135","639"
 "3148","135","639, 652"
 "3149","135","639, 660"
 "3150","135","639, 661"
 "3151","135","639, 662"
 "3152","135","639, 665"
 "3153","135","64, 168-9"
 "3154","135","651, 665"
 "3155","135","652"
 "3156","135","652, 656"
 "3157","135","652, 661"
 "3158","135","652, 662"
 "3159","135","66, 127"
 "3160","135","66, 136"
 "3161","135","66, 142"
 "3162","135","81"
 "3163","135","81, 381"
 "3164","135","88, 420, 459-65"
 "3166","135","89"
 "3167","135","91, 167, 169, 276"
 "3168","135","96-103, 323"
 "3169","135","96-103, 369-74"
 "3170","134","31, 33, 37, 45, 147-8, 154-9, 161-3"
 "3171","134","35"
 "3172","134","35, 92"
 "3173","134","72"
 "3174","134","77, 84-5"
 "3175","135","159"
 "3176","135","200-1"
 "3177","135","234-6, 390-2"
 "3178","135","237-41"
 "3179","135","283"
 "3180","135","390"
 "3181","135","424"
 "3182","135","465"
 "3183","135","624-5, 636"
 "3184","136",""
 "3185","136","10"
 "3186","136","11"
 "3187","136","15"
 "3188","136","2"
 "3189","136","41"
 "3190","136","41, 44"
 "3191","136","42-3"
 "3192","136","43"
 "3193","136","43-4"
 "3194","136","44"
 "3195","136","45"
 "3196","136","46"
 "3197","136","8"
 "3198","136","9"
 "3199","137",""
 "3200","137","74-7"
 "3201","137","6-7"
 "3202","138","98"
 "3204","139",""
 "3205","139","10"
 "3206","139","6"
 "3207","139","7-9"
 "3208","139","8"
 "3209","140","31"
 "3210","140","31-2"
 "3211","140","31-3, 61"
 "3212","140","32"
 "3213","140","32-3"
 "3214","140","33, 35-6"
 "3215","140","33-4"
 "3216","140","35, 50, 54, 57"
 "3217","140","36"
 "3218","140","36, 42"
 "3219","140","36-7"
 "3220","140","36-7, 61"
 "3221","140","37, 39, 40"
 "3222","140","37-9"
 "3223","140","39, 41"
 "3224","140","39, 42"
 "3225","140","39-41"
 "3226","140","40-1"
 "3227","140","42, 46, 50"
 "3228","140","43, 46, 50, 56"
 "3229","140","44"
 "3230","140","44-5"
 "3231","140","46, 50, 54, 55, 57"
 "3232","140","46-7"
 "3233","140","47"
 "3234","140","48"
 "3235","140","49-51"
 "3236","140","52-3"
 "3237","140","52-3, 61"
 "3238","140","55, 57"
 "3239","140","56"
 "3240","140","56, 58"
 "3241","140","58"
 "3242","140","58-9"
 "3243","140","59"
 "3244","140","59, 68, 72, 78, 80"
 "3245","140","60"
 "3246","140","60-2, 72"
 "3247","140","62, 68, 72, 75, 78, 80, 83"
 "3248","140","64"
 "3249","140","64, 85-6"
 "3250","140","64-5"
 "3251","140","65-7"
 "3252","140","67"
 "3253","140","67-8"
 "3254","140","69, 72, 75, 78, 80, 82"
 "3255","140","69-70"
 "3256","140","70-1"
 "3257","140","70-1, 83"
 "3258","140","71-2"
 "3259","140","72, 75, 78, 80, 83"
 "3260","140","73, 74"
 "3261","140","73-4"
 "3262","140","73-4, 87"
 "3263","140","75-6"
 "3264","140","76-7"
 "3265","140","78-9"
 "3266","140","79-80"
 "3267","140","81, 83-4"
 "3268","140","81-2"
 "3269","140","83-4"
 "3270","140","85-6"
 "3271","140","86-7"
 "3272","141","275"
 "3273","141","1-9"
 "3274","141","12-22"
 "3275","141","122-34"
 "3276","141","145-8"
 "3277","141","152-62"
 "3278","141","179-84"
 "3279","141","184-203"
 "3280","141","237-42"
 "3281","141","24-5"
 "3282","141","266-7"
 "3283","141","30-1"
 "3284","141","33-40"
 "3285","141","40-99"
 "3286","141","9-10"
 "3287","141","10-11"
 "3288","141","11-12"
 "3289","141","13-14"
 "3290","141","135-45"
 "3291","141","148-50"
 "3292","141","150-2"
 "3293","141","162-7"
 "3294","141","167-72"
 "3295","141","173-9"
 "3296","141","184-203"
 "3297","141","203-11"
 "3298","141","211-16"
 "3299","141","216-19"
 "3300","141","219-23"
 "3301","141","22-3"
 "3302","141","223-9"
 "3303","141","229-37"
 "3304","141","23-4"
 "3305","141","242-7"
 "3306","141","247-51"
 "3307","141","25-7"
 "3308","141","251-6"
 "3309","141","256-60"
 "3310","141","260-9"
 "3311","141","263-5"
 "3312","141","265-6"
 "3313","141","267-9"
 "3314","141","269-70"
 "3315","141","27-8"
 "3316","141","270-1"
 "3317","141","271-4"
 "3318","141","274-5"
 "3319","141","275-7"
 "3320","141","277-9"
 "3321","141","28-9"
 "3322","141","285-8"
 "3323","141","288-95"
 "3324","141","291-95"
 "3325","141","295-6"
 "3326","141","296-8"
 "3327","141","302-6"
 "3328","141","306-8"
 "3329","141","308-11"
 "3330","141","31-3"
 "3331","141","311-13"
 "3332","141","313-15"
 "3333","141","315-16"
 "3334","141","316-19"
 "3335","141","319-21"
 "3336","141","321"
 "3337","141","84-8"
 "3338","142","134-49"
 "3339","142","1-2"
 "3340","142","10-13"
 "3341","142","14-18"
 "3342","142","149-76"
 "3343","142","176-200"
 "3344","142","18-27"
 "3345","142","2-5"
 "3346","142","27-31"
 "3347","142","298-302"
 "3348","142","31-4"
 "3349","142","31-43"
 "3350","142","34-7"
 "3351","142","37-9"
 "3352","142","39-41"
 "3353","142","5-8"
 "3354","142","50-3"
 "3355","142","53-5"
 "3356","142","57-9"
 "3357","142","59-61"
 "3358","142","65-74"
 "3359","142","74-6"
 "3360","142","76-9"
 "3361","142","79-81"
 "3362","142","8-10"
 "3363","142","81-4"
 "3364","143",""
 "3365","143","3: 398"
 "3366","143","3: 407"
 "3367","143","4: 62-4"
 "3368","143","4: 64-6"
 "3369","143","4: 66"
 "3853","96","67, 72, 74-84"
 "3852","96","64, 68-9, 71-82, 84"
 "3374","96","92-3"
 "3376","96","34"
 "3379","96","9, 12, 14"
 "3649","149","237"
 "3851","96","64, 70, 80-1"
 "3647","149","245"
 "3850","96","9, 23, 28, 31"
 "3388","98","150-1"
 "3390","98","172"
 "3391","147","1673"
 "3392","147","1679"
 "3394","148",""
 "3395","148","11-12"
 "3396","148","13-20"
 "3397","148","7-9"
 "3849","96","55, 65-6, 68-9, 71-2"
 "3399","149","chap 34"
 "3846","96","10, 22, 24, 27"
 "3844","98","128, 131-5"
 "3409","149","11 (fn), 15, 22, 23"
 "3843","96","78, 81-6, 89-91"
 "3413","149","19"
 "3842","96","7, 22, 27-8, 31-2, 34-5, 37-8, 138-45"
 "3420","149","37"
 "3841","96","50, 58-60 64-66, 68-71"
 "3840","96","68, 85, 88"
 "3839","96","7, 14, 17, 20-4;"
 "3837","96","86, 89"
 "3836","96","10, 45, 48, 53"
 "3834","96","34, 41, 43, 48, 51"
 "3833","96","33, 42"
 "3832","96","61, 65-6"
 "3831","96","77, 89"
 "3830","96","61, 65, 75, 123"
 "3828","96","66, 72, 116"
 "3827","96","64, 68-84, 116"
 "3826","96","4, 31, 41-3, 45, 47-8, 51, 53, 57-60"
 "3825","96","67, 69, 72, 74, 77, 79-81"
 "3824","96","41, 58-9"
 "3823","98","125-6"
 "3822","96","63, 72-7, 117, 163"
 "3450","149","chap 30, 37"
 "3820","96","50, 58-60, 66, 68, 154"
 "3819","96","62, 65-6, 68-9, 78;"
 "3456","149","chap 46"
 "3818","96","3-4, 27, 38, 58-9"
 "3817","96","3, 26, 43, 45, 51, 53"
 "3816","96","29, 45, 48, 53"
 "3815","97","187, 244"
 "3814","96","84, 96"
 "3813","96","22, 41-5, 51"
 "3812","96","61, 64-6, 155-9"
 "3464","150","2"
 "3465","150","chap 4"
 "3811","96","68, 80-1"
 "3468","150","17"
 "3469","150","18"
 "3470","150","5"
 "3472","150","chap 15"
 "3810","96","84, 88, 97, 114"
 "3474","150","chap 17"
 "3809","96","86, 91-7"
 "3476","150","chap 2"
 "3808","96","55, 65"
 "3807","96","69-71, 74"
 "3480","152",""
 "3481","152","117v"
 "3482","152","18r"
 "3483","152","18v"
 "3484","152","22r"
 "3485","152","60v"
 "3486","152","61r, 77v"
 "3487","153","18r"
 "3488","153","18v"
 "3489","153","19v"
 "3490","153","19r"
 "3491","154","30r, 39v"
 "3492","154","30v"
 "3493","154","39v, 45r"
 "3494","155",""
 "3495","156","101r, 112r"
 "3496","156","104v"
 "3497","156","147r, 155r"
 "3498","156","155v, 162v"
 "3499","156","183v"
 "3500","156","20v"
 "3501","156","21r, 41v-42r"
 "3502","156","43r, 74v"
 "3503","156","4v"
 "3504","156","5r"
 "3505","156","73r, 100v"
 "3506","156","73v, 100v"
 "3507","156","12r-v, 30v-31r"
 "3508","156","14r-v"
 "3509","156","14v-15r"
 "3510","156","21r-v, 42r-v"
 "3511","156","30r-v, 52r-v"
 "3512","156","42v-43r, 74r"
 "3513","157","38v, 59r"
 "3514","157","45v, 67v"
 "3515","157","55r"
 "3516","157","55v, 76v"
 "3517","157","60r"
 "3518","157","39r, 59v"
 "3519","157","54v"
 "3520","157","74r"
 "3521","157","8v"
 "3522","152","6r"
 "3523","158","120v"
 "3524","158","121r"
 "3525","158","129v"
 "3526","158","130r"
 "3527","158","18v"
 "3528","158","77r, 94v"
 "3529","158","77v, 95r"
 "3530","158","9v"
 "3531","159","10v"
 "3532","159","16v"
 "3533","159","19v, 31v"
 "3534","159","25r"
 "3535","159","27v"
 "3536","159","8v, 19r"
 "3537","159","9r, 25r"
 "3806","96","21, 23, 25, 29, 31-2, 34"
 "3540","150","45"
 "3542","160",""
 "3543","160","10"
 "3544","161",""
 "3546","163","191v-192r"
 "3547","164","2v"
 "3548","165","186-8"
 "3549","165","60r-61v"
 "3550","166","47"
 "3551","167","12r"
 "3552","168","266r"
 "3553","169","56v"
 "3554","170","12v"
 "3555","171","10v"
 "3556","171","138r"
 "3557","171","85v"
 "3558","172","13r"
 "3559","172","28v, 87v"
 "3560","173","142r, 172v"
 "3561","173","172v"
 "3562","174","56r"
 "3563","174","179r"
 "3564","174","23v"
 "3565","174","56r"
 "3566","175","185"
 "3567","175","316"
 "3568","176","331"
 "3569","176","401"
 "3570","176","468"
 "3571","177","2v"
 "3572","177","43r"
 "3573","178","26v"
 "3574","179","177-8"
 "3575","180","101r-102v"
 "3576","180","101v-102r"
 "3577","180","108v"
 "3578","180","149r"
 "3579","180","20r"
 "3580","181","53v"
 "3581","177","63r"
 "3582","183",""
 "3583","182","34-9"
 "3584","182","42"
 "3585","184","271-306"
 "3586","185","4: 686"
 "3587","185","4: 548"
 "3588","185","4: 547"
 "3589","185","860"
 "3590","136","14"
 "3591","186","130"
 "3592","186","211-12, 253"
 "3593","187","231"
 "3594","187","233"
 "3595","188","172-3"
 "3596","188","171"
 "3597","188","177"
 "3598","188","175"
 "3599","189","App."
 "3600","190","197-8"
 "3601","191","10-13"
 "3602","191","16-20"
 "3603","191","13-16"
 "3604","192",""
 "3605","193",""
 "3606","194","69-71"
 "3607","195",""
 "3608","196","270"
 "3609","196","274"
 "3610","196","271"
 "3611","196","272"
 "3612","197","65, 85, 86"
 "3613","198","12, 13, 14"
 "3614","199","307"
 "3615","200","113, 115, 116"
 "3616","201","v.ii"
 "3617","201","vii"
 "3618","202","vol. 4, 284"
 "3619","203","124"
 "3620","203","134"
 "3621","203","135"
 "3622","203","32"
 "3623","203","37"
 "3624","203","46"
 "3625","203","49"
 "3626","203","50"
 "3627","203","51"
 "3628","203","52"
 "3629","203","53"
 "3630","203","57"
 "3631","203","58"
 "3632","203","61"
 "3633","203","69"
 "3634","203","71"
 "3635","203","76"
 "3636","204",""
 "3637","77","115"
 "3638","205",""
 "3639","206","45, 46"
 "3640","207","30"
 "3641","208","31"
 "3642","209","7"
 "3643","210","104, 385"
 "3644","211",""
 "3656","150","2, 66-74"
 "3655","149","86-7"
 "3805","96","8, 35, 37-8"
 "3657","150","98"
 "3804","96","75, 94-5"
 "3659","150","6"
 "3660","150","166"
 "3661","150","129"
 "3662","150","132"
 "3663","150","143, 145"
 "3664","150","116"
 "3665","150","164"
 "3666","150","165"
 "3667","150","2, 9, 56, 121"
 "3668","150","148"
 "3669","150","158"
 "3670","150","160"
 "3671","150","132, "
 "3672","150","1, 4-5, 41, 75, 90, 104-10"
 "3673","150","156"
 "3674","149","296-7"
 "3675","150","8"
 "3676","150","135"
 "3677","150","2, 22"
 "3678","150","142, 160"
 "3679","150","33"
 "3680","150","159"
 "3681","150","129, 132"
 "3682","150","2, 26"
 "3683","150","136"
 "3803","97","227-8"
 "3685","150","118-9"
 "3686","150","166-7"
 "3802","96","73, 88"
 "3688","150","168"
 "3689","151","26"
 "3690","151","33"
 "3691","151","36"
 "3692","151","61"
 "3693","151","17"
 "3694","151","36, 59"
 "3695","151","16-17"
 "3696","151","25"
 "3697","151","44"
 "3698","151","44-5"
 "3699","151","26, 35, 59"
 "3700","151","19"
 "3701","186","94"
 "3702","149","63, 66, 73, 149, 152, 154, 157, 158, 316"
 "3703","149","70-1, 73, 86, 103-4, 106, 327, 355"
 "3704","149","63, 66, 75, 84, 86, 355, 358"
 "3705","149","143"
 "3706","149","149, 327, 358"
 "3707","149","353"
 "3708","149","162-163"
 "3709","149","172"
 "3710","149","192, 245"
 "3711","149","3, 56, 148, 150, 170, 261, 285-7"
 "3712","149","3, 20, 80, 82, 96"
 "3713","149","304, 314-317"
 "3714","149","73, 84, 90, 94, 103, 106, 109, 293, 327"
 "3715","149","362"
 "3716","149","3, 7, 32, 56, 85, 89, 111, 125, 142-143, 145-148, 287"
 "3717","149","143, 348-351"
 "3718","149","305"
 "3719","149","292, 305, 347"
 "3720","149","154, 347"
 "3721","149","153, 162, 327"
 "3722","149","unnumbered insert between 298-299"
 "3723","149","244"
 "3724","149","153"
 "3725","149","362-363"
 "3726","149","106, 149, 152, 154, 157, 257-258"
 "3727","149","3, 63, 73, 111, 274, 280-281, 285"
 "3728","149","293, 296-297, 327, 345, 385"
 "3729","149","186, 353-355"
 "3730","149","327, 358"
 "3731","149","268, 270"
 "3732","149","3, 318, 320-323"
 "3733","149","149, 260, 263-264"
 "3734","149","70, 84, 86, 111, 318-319"
 "3735","149","271"
 "3737","149","328"
 "3738","149","110-111, 204-206, 208-209, 213, 218, 223-225"
 "3739","149","353-355"
 "3740","149","3, 4, 110"
 "3741","149","3, 121, 125"
 "3742","149","323, 348, 351, 353"
 "3743","149","86, 110-111, 158, 349, 358"
 "3744","149","103-104, 106, 111, 327, 340, 345"
 "3745","149","348, 351"
 "3746","149","3, 56, 228, 239"
 "3747","149","3, 27, 36, 56, 59, 63, 65"
 "3748","149","185-186, 194, 196-198, 200, 202, 209, 214, 218, 224-227, 244"
 "3749","149","3, 56, 149, 151"
 "3751","149","327"
 "3752","149","359"
 "3753","149","361"
 "3754","149","148"
 "3755","149","302-303"
 "3756","149","317"
 "3757","149","68, 70-71, 103, 154-156"
 "3758","149","68, 70-71, 103, 154-156, 353"
 "3759","149","3, 56, 59, 63, 96, 293"
 "3760","149","3-5, 58, 107, 114, 121, 125, 137, 249, 259, [387]"
 "3761","149","245, 347, 353"
 "3801","96","77, 89, 96, 103"
 "3763","149","chap 11, 13, 4"
 "3800","96","74-5, 79-2, 84-6, 89-95, 104"
 "3765","149","3, 56, 165"
 "3766","149","3, 56, 90, 111, 131, 134, 140-271, 314, [381]"
 "3798","97","225-6"
 "3799","96","17, 22-4, 27"
 "3768","149","3, 56, 170-172, 183-237, 257-281, 290-331, 355, 362, 370, [381-389]"
 "3769","151","36, 54"
 "3770","151","25-26, 50"
 "3771","151","24-25"
 "3772","151","14, 25-26"
 "3773","99","Pedigrees"
 "3774","202",""
 "3797","74","159, 163"
 "3776","8","7, 9, 19, 80, 93, 115, 1"
 "3796","135","241-51, 623"
 "3778","8","16, 19"
 "3779","8","14-15, 19"
 "3795","99","Vol II 13-4"
 "3794","72","26, 27, 32"
 "3782","8","11, 19, 49-51"
 "3783","8","2, 17, 19-21, 24, 67, 98, 115"
 "3785","96","37, 48, 53, 54, "
 "3787","118","196, 208, 282"
 "3788","74","61, 62, 71, 75, 79"
 "3789","99","I, pp 160, 240"
 "3790","31","48, 63"
 "3791","30","49-50"
 "3792","135","252-9, 593-5"
 "3793","118","99"
 "3867","96","26-7, 35, 37-8, 42"
 "3868","96","30-1"
 "3869","96","44, 60, 62, 65, 149, 156-8"
 "3871","96","46, 66, 68-9"
 "3872","97","185-6"
 "3873","96","81, 88, 117"
 "3874","96","66, 68-9, 71-5"
 "3875","96","67, 69"
 "3876","96","34, 52-3"
 "3878","96","76, 82, 84-6, 89-91"
 "3879","96","76, 82-6, 89-96"
 "3880","96"," 72, 75-9"
 "3881","96","19, 27, 29"
 "3882","97","196-7"
 "3883","96","78, 88, 91, 113"
 "3884","98","127-8"
 "3885","97","192, 246"
 "3886","97","188-9"
 "3887","97","193, 246"
 "3888","96","40, 53, 56, 58-62, 147, 152-6"
 "3889","96","29-30"
 "3891","96","77, 82, 84, 89, 92-4, 96"
 "3894","96","74, 85-6, 89"
 "3895","96","62, 65-6, 68-9, 71-4, 76-7, 79-80, 116"
 "3896","96","75, 82, 84, 89, 116"
 "3897","96","65, 73, 75-85"
 "3898","96","74, 76, 79-83, 85-6, 88-91"
 "3899","98","164, 169-71"
 "3900","96","80, 89, 102"
 "3901","96","16, 21, 66"
 "3903","96","20, 35, 41, 191"
 "3904","97","231-2"
 "3905","96","79, 88-94"
 "3908","96","17-20, 31-2, 34, 37-8, 41, 45"
 "3909","96","38, 58-60, 151-2"
 "3910","96","86, 89, 101, 110, 111"
 "3911","96","62, 65-6, 68-9, 71-4"
 "3912","96","64, 72, 74-7, 79-80, 87"
 "3913","98","125, 137-8"
 "3914","99","Vol I 18-20, 33, 59, 69, 75-6, 79, 102-7, "
 "3915","97","211-2"
 "3916","96","9, 13-4"
 "3917","97","189, 244"
 "3918","97","183, 243"
 "3919","96","41, 55"
 "3920","94","208, 210"
 "3921","212",""
 "3922","96","80, 89"
 "3923","96","66, 72, 117"
 "3924","96","26, 35, 37, 41-3, 45, 47-8, 50-1"
 "3928","96","11, 16"
 "3929","96","63, 68-9, 72-6"
 "3933","149","260, 314-315, 317"
 "3934","74","47, 48, 383"
 "3935","74","48, 49"
 "3937","74","52, 53, 55"
 "3938","74","15, 17, 18, 23, 29, 33, 56, 74"
 "3939","74","17, 66"
 "3940","74","21, 30, 32, 35, 39, 44, 49, 50, 56, 59, 62, 67, 70, 191"
 "3941","74","78"
 "3944","74","74, 76, 83, 214-16"
 "3951","74","101, 102, 156, 162, 168, 171, 227, 229"
 "3953","74","58, 59, 60, 75, 79, 84, 93, 96, 100, 116, 139"
 "3954","74","98, 103, 124, 129, 144, 151"
 "3955","74","102, 105, 108"
 "3956","74","39, 41, 50, 59, 88, 96, 105, 195, 212-13"
 "3957","74","76, 77, 83, 105, 112, 163"
 "3958","74","102, 108, 110"
 "3962","74","102, 106, 107, 111, 112, 124, 130, 137, 143, 151, 157, 162, 164, 227"
 "3963","74","110, 112"
 "3965","74","106, 110, 113, 119, 124, 130, 132"
 "3966","74","97, 98, 100, 103, 110, 115, 143, 146, 168"
 "3967","74","80, 84-6, 93, 100, 117"
 "3968","74","111, 112, 116, 117, 147"
 "3969","74","76, 79, 122"
 "3970","23","104"
 "3971","23","85-91"
 "3972","23","92-9"
 "3973","23","38-51"
 "3974","23","14-25"
 "3975","23","8-13"
 "3976","23","26-9"
 "3977","23","30-3"
 "3978","23","34-7"
 "3979","23","109"
 "3980","23","110"
 "3981","74","110, 111, 112, 128, 130, 137, 151"
 "3982","74","124, 126, 130-1, 132, 185"
 "3984","74","131, 132, 134, 140, 142, 162, 171"
 "3986","74","133, 137,  138-9, 140, 157, 168"
 "3987","23","56-71"
 "3988","74","115, 119"
 "3989","117","355, 413-14, 438, 439"
 "3990","7","61v, 62v"
 "3991","136","image 299"
 "3992","117","268, 273"
 "3993","186","23, 26, 37-40"
 "3994","149","5, 61, 63, 73, 142, 145, 162"
 "3995","76","531-34"
 "3996","91","list"
 "3997","23","103"
 "3998","15","179-80"
 "3999","23","104-5"
 "4000","23","105"
 "4001","23","106"
 "4002","23","106-7"
 "4003","23","108-9"
 "4004","23","111"
 "4005","23","113"
 "4006","23","114"
 "4007","23","115"
 "4008","23","105-6"
 "4009","23","73-84"
 "4010","23","107-8"
 "4011","134",""
 "4013","203","25-6"
 "4014","42","from Munich"
 "4015","23","111-2"
 "4016","23","52-5"
 "4017","74","157, 158, 159, 180, 184, 188"
 "4018","74","154, 157, 158, 162, 168, 171, 180, 184"
 "4019","74","163, 164, 180, 184, 279, 350"
 "4020","149","106"
 "4021","23","p 48"
 "4022","150","107"
 "4023","135","87-8, 449-58"
 "4024","99","I, 241-4, II, 114-8, 123, 141, 183"
 